method,T,outcome,bin_low,bin_high,count,fraction
B1,3,correct,0.0,0.05,2,0.0625
B1,3,correct,0.05,0.1,2,0.0625
B1,3,correct,0.1,0.2,6,0.1875
B1,3,correct,0.2,0.4,14,0.4375
B1,3,correct,0.4,0.8,8,0.25
B1,3,correct,0.8,1.2,0,0.0
B1,3,correct,1.2,2.25,0,0.0
B1,3,wrong,0.0,0.05,4,0.15384615384615385
B1,3,wrong,0.05,0.1,1,0.038461538461538464
B1,3,wrong,0.1,0.2,10,0.38461538461538464
B1,3,wrong,0.2,0.4,3,0.11538461538461539
B1,3,wrong,0.4,0.8,8,0.3076923076923077
B1,3,wrong,0.8,1.2,0,0.0
B1,3,wrong,1.2,2.25,0,0.0
B1,4,correct,0.0,0.05,2,0.03076923076923077
B1,4,correct,0.05,0.1,5,0.07692307692307693
B1,4,correct,0.1,0.2,13,0.2
B1,4,correct,0.2,0.4,26,0.4
B1,4,correct,0.4,0.8,19,0.2923076923076923
B1,4,correct,0.8,1.2,0,0.0
B1,4,correct,1.2,2.25,0,0.0
B1,4,wrong,0.0,0.05,11,0.14285714285714285
B1,4,wrong,0.05,0.1,9,0.11688311688311688
B1,4,wrong,0.1,0.2,24,0.3116883116883117
B1,4,wrong,0.2,0.4,15,0.19480519480519481
B1,4,wrong,0.4,0.8,18,0.23376623376623376
B1,4,wrong,0.8,1.2,0,0.0
B1,4,wrong,1.2,2.25,0,0.0
B1,5,correct,0.0,0.05,2,0.01904761904761905
B1,5,correct,0.05,0.1,8,0.0761904761904762
B1,5,correct,0.1,0.2,19,0.18095238095238095
B1,5,correct,0.2,0.4,45,0.42857142857142855
B1,5,correct,0.4,0.8,31,0.29523809523809524
B1,5,correct,0.8,1.2,0,0.0
B1,5,correct,1.2,2.25,0,0.0
B1,5,wrong,0.0,0.05,25,0.1865671641791045
B1,5,wrong,0.05,0.1,13,0.09701492537313433
B1,5,wrong,0.1,0.2,36,0.26865671641791045
B1,5,wrong,0.2,0.4,29,0.21641791044776118
B1,5,wrong,0.4,0.8,31,0.23134328358208955
B1,5,wrong,0.8,1.2,0,0.0
B1,5,wrong,1.2,2.25,0,0.0
B2,3,correct,0.0,0.05,1,0.02857142857142857
B2,3,correct,0.05,0.1,4,0.11428571428571428
B2,3,correct,0.1,0.2,6,0.17142857142857143
B2,3,correct,0.2,0.4,15,0.42857142857142855
B2,3,correct,0.4,0.8,4,0.11428571428571428
B2,3,correct,0.8,1.2,5,0.14285714285714285
B2,3,correct,1.2,2.25,0,0.0
B2,3,wrong,0.0,0.05,4,0.14285714285714285
B2,3,wrong,0.05,0.1,1,0.03571428571428571
B2,3,wrong,0.1,0.2,9,0.32142857142857145
B2,3,wrong,0.2,0.4,4,0.14285714285714285
B2,3,wrong,0.4,0.8,9,0.32142857142857145
B2,3,wrong,0.8,1.2,1,0.03571428571428571
B2,3,wrong,1.2,2.25,0,0.0
B2,4,correct,0.0,0.05,1,0.014492753623188406
B2,4,correct,0.05,0.1,6,0.08695652173913043
B2,4,correct,0.1,0.2,12,0.17391304347826086
B2,4,correct,0.2,0.4,27,0.391304347826087
B2,4,correct,0.4,0.8,13,0.18840579710144928
B2,4,correct,0.8,1.2,10,0.14492753623188406
B2,4,correct,1.2,2.25,0,0.0
B2,4,wrong,0.0,0.05,11,0.13414634146341464
B2,4,wrong,0.05,0.1,8,0.0975609756097561
B2,4,wrong,0.1,0.2,24,0.2926829268292683
B2,4,wrong,0.2,0.4,13,0.15853658536585366
B2,4,wrong,0.4,0.8,24,0.2926829268292683
B2,4,wrong,0.8,1.2,2,0.024390243902439025
B2,4,wrong,1.2,2.25,0,0.0
B2,5,correct,0.0,0.05,1,0.009009009009009009
B2,5,correct,0.05,0.1,8,0.07207207207207207
B2,5,correct,0.1,0.2,19,0.17117117117117117
B2,5,correct,0.2,0.4,44,0.3963963963963964
B2,5,correct,0.4,0.8,23,0.2072072072072072
B2,5,correct,0.8,1.2,16,0.14414414414414414
B2,5,correct,1.2,2.25,0,0.0
B2,5,wrong,0.0,0.05,25,0.16891891891891891
B2,5,wrong,0.05,0.1,11,0.07432432432432433
B2,5,wrong,0.1,0.2,41,0.27702702702702703
B2,5,wrong,0.2,0.4,28,0.1891891891891892
B2,5,wrong,0.4,0.8,34,0.22972972972972974
B2,5,wrong,0.8,1.2,9,0.060810810810810814
B2,5,wrong,1.2,2.25,0,0.0
B3,3,correct,0.0,0.05,2,0.047619047619047616
B3,3,correct,0.05,0.1,4,0.09523809523809523
B3,3,correct,0.1,0.2,9,0.21428571428571427
B3,3,correct,0.2,0.4,12,0.2857142857142857
B3,3,correct,0.4,0.8,13,0.30952380952380953
B3,3,correct,0.8,1.2,2,0.047619047619047616
B3,3,correct,1.2,2.25,0,0.0
B3,3,wrong,0.0,0.05,2,0.0625
B3,3,wrong,0.05,0.1,5,0.15625
B3,3,wrong,0.1,0.2,3,0.09375
B3,3,wrong,0.2,0.4,6,0.1875
B3,3,wrong,0.4,0.8,12,0.375
B3,3,wrong,0.8,1.2,4,0.125
B3,3,wrong,1.2,2.25,0,0.0
B3,4,correct,0.0,0.05,3,0.034482758620689655
B3,4,correct,0.05,0.1,6,0.06896551724137931
B3,4,correct,0.1,0.2,19,0.21839080459770116
B3,4,correct,0.2,0.4,28,0.3218390804597701
B3,4,correct,0.4,0.8,27,0.3103448275862069
B3,4,correct,0.8,1.2,4,0.04597701149425287
B3,4,correct,1.2,2.25,0,0.0
B3,4,wrong,0.0,0.05,4,0.045454545454545456
B3,4,wrong,0.05,0.1,5,0.056818181818181816
B3,4,wrong,0.1,0.2,19,0.2159090909090909
B3,4,wrong,0.2,0.4,18,0.20454545454545456
B3,4,wrong,0.4,0.8,31,0.3522727272727273
B3,4,wrong,0.8,1.2,11,0.125
B3,4,wrong,1.2,2.25,0,0.0
B3,5,correct,0.0,0.05,4,0.03125
B3,5,correct,0.05,0.1,7,0.0546875
B3,5,correct,0.1,0.2,25,0.1953125
B3,5,correct,0.2,0.4,42,0.328125
B3,5,correct,0.4,0.8,44,0.34375
B3,5,correct,0.8,1.2,6,0.046875
B3,5,correct,1.2,2.25,0,0.0
B3,5,wrong,0.0,0.05,14,0.0880503144654088
B3,5,wrong,0.05,0.1,11,0.06918238993710692
B3,5,wrong,0.1,0.2,29,0.18238993710691823
B3,5,wrong,0.2,0.4,34,0.2138364779874214
B3,5,wrong,0.4,0.8,52,0.3270440251572327
B3,5,wrong,0.8,1.2,19,0.11949685534591195
B3,5,wrong,1.2,2.25,0,0.0
B4,3,correct,0.0,0.05,3,0.030612244897959183
B4,3,correct,0.05,0.1,4,0.04081632653061224
B4,3,correct,0.1,0.2,18,0.1836734693877551
B4,3,correct,0.2,0.4,28,0.2857142857142857
B4,3,correct,0.4,0.8,32,0.32653061224489793
B4,3,correct,0.8,1.2,13,0.1326530612244898
B4,3,correct,1.2,2.25,0,0.0
B4,3,wrong,0.0,0.05,5,0.15151515151515152
B4,3,wrong,0.05,0.1,5,0.15151515151515152
B4,3,wrong,0.1,0.2,6,0.18181818181818182
B4,3,wrong,0.2,0.4,13,0.3939393939393939
B4,3,wrong,0.4,0.8,4,0.12121212121212122
B4,3,wrong,0.8,1.2,0,0.0
B4,3,wrong,1.2,2.25,0,0.0
B4,4,correct,0.0,0.05,8,0.032388663967611336
B4,4,correct,0.05,0.1,16,0.06477732793522267
B4,4,correct,0.1,0.2,43,0.17408906882591094
B4,4,correct,0.2,0.4,75,0.30364372469635625
B4,4,correct,0.4,0.8,76,0.3076923076923077
B4,4,correct,0.8,1.2,29,0.11740890688259109
B4,4,correct,1.2,2.25,0,0.0
B4,4,wrong,0.0,0.05,14,0.1414141414141414
B4,4,wrong,0.05,0.1,19,0.1919191919191919
B4,4,wrong,0.1,0.2,22,0.2222222222222222
B4,4,wrong,0.2,0.4,30,0.30303030303030304
B4,4,wrong,0.4,0.8,13,0.13131313131313133
B4,4,wrong,0.8,1.2,1,0.010101010101010102
B4,4,wrong,1.2,2.25,0,0.0
B4,5,correct,0.0,0.05,15,0.034482758620689655
B4,5,correct,0.05,0.1,28,0.06436781609195402
B4,5,correct,0.1,0.2,76,0.17471264367816092
B4,5,correct,0.2,0.4,137,0.31494252873563217
B4,5,correct,0.4,0.8,142,0.3264367816091954
B4,5,correct,0.8,1.2,37,0.08505747126436781
B4,5,correct,1.2,2.25,0,0.0
B4,5,wrong,0.0,0.05,34,0.20118343195266272
B4,5,wrong,0.05,0.1,25,0.14792899408284024
B4,5,wrong,0.1,0.2,38,0.22485207100591717
B4,5,wrong,0.2,0.4,52,0.3076923076923077
B4,5,wrong,0.4,0.8,19,0.11242603550295859
B4,5,wrong,0.8,1.2,1,0.005917159763313609
B4,5,wrong,1.2,2.25,0,0.0
