master_sequence_id,reference_scene_id,order_id,history_scan_ids,candidate_count_full,candidate_count_local,masks_equal,classes_equal,score_max_abs_diff,scores_allclose,full_current_stage_AP,local_current_stage_AP,AP_abs_diff,parity_pass,raw_observation_fingerprint,sidecar_content_sha256,full_history_content_sha256,fresh_raw_content_sha256,frozen_v1_raw_content_sha256,frozen_v1_raw_reproduced,frozen_v1_full_history_content_sha256,frozen_v1_full_history_reproduced
scene0069_00-scene0069_02-scene0069_04-scene0069_03-scene0069_01,10b17940-3938-2467-8a7a-958300ba83d3,canonical,"[""scene0069_00"",""scene0069_02""]",100,100,True,True,0.0,True,0.7023809552192688,0.7023809552192688,0.0,True,09003d48d41e63e0dcb648b01da49a69291358761c6694524eb9f3112247810c,ab48b235494581605ae4656d0d62b3028e4bda41f8f6f82451bd209f182386a2,10202954565ce8c67cc32c1f733ea801acac01a394e59b0d913370ed5715ee78,3e13d1a49b0100ab3353a61c81205168647cefc224b01e8d8c619cf4b317dfd1,fdc58ce3c0a3f935d6dd6f7972bfe89b5f72cea3002f952880b839acd4a0c681,False,0111b672bc78fdb78a21fba8f6cf2a1ffae9b9ebbb25e5de8b92d3a3cddab06a,False
scene0069_00-scene0069_02-scene0069_04-scene0069_03-scene0069_01,10b17940-3938-2467-8a7a-958300ba83d3,reverse,"[""scene0069_01"",""scene0069_03""]",100,100,True,True,0.0,True,0.5385802388191223,0.5385802388191223,0.0,True,8020a49d323be495c301b485a064a3a722f4aff8aeb3fceba3fcb064049ac561,ce4820053ba36faaee7322073a54e1ed91983fd7eba531918cc638643df4fd6e,97a510ef6a7fe04835c02764a858caea338601923cb6bff7f2da44bd2035ec3d,87cc0ae2de6e5c63f4a7d7254e2861dee1491cc4706a734a73cd79d5a0e508e3,657cfcddf27f07cc25586ab12fc8f335d4e826219e462090e78ec94e6b9c25ca,False,8c093b80bc2387bf0940f87d9faac7a246b23c60008992a664fe6369fd836ac2,False
scene0069_00-scene0069_02-scene0069_04-scene0069_03-scene0069_01,10b17940-3938-2467-8a7a-958300ba83d3,sha256_seed45,"[""scene0069_01"",""scene0069_04""]",100,100,True,True,0.0,True,0.6366842985153198,0.6366842985153198,0.0,True,7c5368a4ebca28d859d7586aab1534c714e70fbc2c3dae16a663c057a465972b,6506e37afd18afaec237cdb796e1824ee3917f8a5fd7464d5023f9f6a595f7f7,c13586ea6d8f81dfcfde735b5c0104d5bb4662d30d8c7e5401aaa6f8264d2f1b,3c14a992c13b9818de3414ec41288754c9caa39c15efa14ca2fe2fcb4a313b6a,51e7883567f15e7a6984901ecc2d7c1227ab28ebbbb34aacbb46e0549f9a1692,False,162bf3bebdd6bec1fa0472d3ab285f411eaa47c3004029c95f4821c907003da2,False
scene0069_01-scene0069_06-scene0069_09-scene0069_05-scene0069_08,10b17940-3938-2467-8a7a-958300ba83d3,canonical,"[""scene0069_01"",""scene0069_06""]",100,100,True,True,0.0,True,0.8518518805503845,0.8518518805503845,0.0,True,418ab049a560819928e413d6d8c062e1aea89b817ee07af2752ad28c5daa8255,d133e32b9a03d24a60e5a1ae10526f84c31f901908949937af2d9282233850c6,6e79504a3ee1e67c5e5f984a279ffb09da4e15ed14589c4d0606115c8861d8c4,8d2d1a694c1de7017971262d4f6d53a2ff3b4fe8ed711a755a4bceae3351f122,46958c59736cd5c58c2777b5a3d0d251d2c4f3af61339afc777917c8cc742994,False,201059a21ff473898127f4adbfa240ae1c3fb391cb3cb6e1aeef4de709411f57,False
scene0069_01-scene0069_06-scene0069_09-scene0069_05-scene0069_08,10b17940-3938-2467-8a7a-958300ba83d3,reverse,"[""scene0069_08"",""scene0069_05""]",100,100,True,True,0.0,True,0.6076388955116272,0.6076388955116272,0.0,True,0997b44308d85125e33b429ffacb2852daa3d1515fbff4f6bf182a31ccb63d05,d073b10c7a5534b025d9c3c44ccb0804453abf2120fbb2d11fb2660f15712586,3320fb62202cb8196268a4a43caf65ef85047876e8587fc198d89ef45db20d29,ac3303a122aee832c88494cabf253216ef9f1e3790af26f77c5e8e6ae3ffef44,23661c092f861395ccddd8f6bba8d1f97ea95dde5b8147921b39d8a484d86edb,False,68038eb033b1e6ae85d361d9df010ed83402858e5e3ce9c8383dbdecdff361bc,False
scene0069_01-scene0069_06-scene0069_09-scene0069_05-scene0069_08,10b17940-3938-2467-8a7a-958300ba83d3,sha256_seed45,"[""scene0069_01"",""scene0069_08""]",100,100,True,True,0.0,True,0.5714285969734192,0.5714285969734192,0.0,True,96d6c6abbbd894e10d1ff8d2eb928105ea9cd1a7ade673dffef1c64fa8d6b8ac,8592d9f03fd96f8fbcac2d083e11b6e074f408e5b1437df314a2be857f575396,42f9fd950d69c80c3e16ac7afb4f7e4ed94de06923565df8275dff0e69644eb5,2d405d22fa9dce2b44c0d1ddca54244273a6853c5a42862f7af784dfbac40e40,bfe67d1ea5f3e1db700fb6fab9a3a90b9e43e2faca78b814481b9d485a1bb9b9,False,53bcd834d760adc024d5f1a53564d9abb7b948127509372196413a896d821fe2,False
scene0069_02-scene0069_04-scene0069_03-scene0069_01-scene0069_06,10b17940-3938-2467-8a7a-958300ba83d3,canonical,"[""scene0069_02"",""scene0069_04""]",100,100,True,True,0.0,True,0.5617284178733826,0.5617284178733826,0.0,True,95f559a87d8321f597938a27ad06cf2cd9db59358cdb88f823dd212c15d68a3d,9536a86f84d87fba8800c309d92c93eaa69c838ad319dcc1192fd9d490e5ab99,8d96234f2271047081770c373c0ed86942c143567c527636dabd143564231ec2,45655861d784bda5e0f3c0471b6627dd77ff08cde06234ca501b9e560ad313e5,949af69069cb23486457a4410d9681fe18be2939ce70bf7721ccdaa0104ae14e,False,d28bce9470c0fc5bbdfeb83b0191134294a758889fa051e70969d6e920cefc67,False
scene0069_02-scene0069_04-scene0069_03-scene0069_01-scene0069_06,10b17940-3938-2467-8a7a-958300ba83d3,reverse,"[""scene0069_06"",""scene0069_01""]",100,100,True,True,0.0,True,0.7613095045089722,0.7613095045089722,0.0,True,7bc2f1e2dbc81abf55130236d37420d9895c1911b1aecacbb1a3bbc6cbd7d93f,7d65862252e3a86609b923eeb8e3460a5792be9f45669b86105ddafdaa31d05e,ef5733ef6421017b5b1a517cf791cee167385c86cda83111874703f78d6247db,c164948662efe8b208a356531bfb6ef6d650f47e1d0fc6331c50f5198054f8aa,1138c7e5bf1ff5e2bf42d47642516410b34ccd25ce7e936b0cd47eab6f71cf06,False,07322d6c79eb9a4e3e8a87c8f712c11fafb863022fd34b47ab52737c4499a70a,False
scene0069_02-scene0069_04-scene0069_03-scene0069_01-scene0069_06,10b17940-3938-2467-8a7a-958300ba83d3,sha256_seed45,"[""scene0069_01"",""scene0069_04""]",100,100,True,True,0.0,True,0.6366842985153198,0.6366842985153198,0.0,True,7c5368a4ebca28d859d7586aab1534c714e70fbc2c3dae16a663c057a465972b,d395bbaa29adc07c799600dcc92f3e64cc7153cc3d6eeaa8a5847ab4772d3cc1,4ddb5e733de712e007c6fa1686042876fead645988331fa3390aa45c91ec930b,ec787a1b43ac0af442ba778fb9056cdf660b4956e2b9a2f20e1fb24a816b0b01,b969d0eaf431906bc91a2cd891852dd8085a861f807e0fc3db7fb5c085dc35d8,False,a5ac921f3c74cc1bbf7f0caa662781e399766e0018ba3bb6ae206fde4ee2bedd,False
scene0069_03-scene0069_01-scene0069_06-scene0069_09-scene0069_05,10b17940-3938-2467-8a7a-958300ba83d3,canonical,"[""scene0069_03"",""scene0069_01""]",100,100,True,True,0.0,True,0.8164020776748657,0.8164020776748657,0.0,True,b856ed1d40635c388ce0491ca8770b531d81bfa0ec57cf7f7807ff91787d7e28,b7bcc99f111ffa95dfc29578f68b7b07809efca09f316e9db8220b9026589a56,2b171ad43ad4f19760603397544cc1b75fad2d48a1ebd719dda909d7678a3ac0,55a9ee96fb1c14fef4ab52a78280b74d1ebb745065a0bad0cf89583f7161f365,87918a8b7f8c0e183ce50b4a92c66f738cb0316139475ad6b633cc133a39be75,False,a3901c8b37bc192938f7205a55da48e31f890f144b9bdbde7d59df448bf6bea1,False
scene0069_03-scene0069_01-scene0069_06-scene0069_09-scene0069_05,10b17940-3938-2467-8a7a-958300ba83d3,reverse,"[""scene0069_05"",""scene0069_09""]",100,100,True,True,0.0,True,0.7023809552192688,0.7023809552192688,0.0,True,20475bbb7145d96d21d40fa56abc6aee8cac8a12c9c674d8089647c6aaeb6731,f0f1411f9b509e15e491d6ea6bcc490e23d4477111f2ec90f840edfe0ce7a924,de36e5444dfb74353f1c198e1b4ba3e294cbe68ed06ae545ed3604b71d359af1,97015ce87f26ea743f3b1391cb91ddfc1d9f7c3379815aa8dfd40e552f041d00,be103271b19218aa8e1a79468272e28272871ea30ed17cb3d750c676dc24b5a7,False,d51d2cdcc7f60c7760e9e20df72b42468362a6576a7582f1d1e5f4e151d875cb,False
scene0069_03-scene0069_01-scene0069_06-scene0069_09-scene0069_05,10b17940-3938-2467-8a7a-958300ba83d3,sha256_seed45,"[""scene0069_01"",""scene0069_03""]",100,100,True,True,0.0,True,0.5385802388191223,0.5385802388191223,0.0,True,8020a49d323be495c301b485a064a3a722f4aff8aeb3fceba3fcb064049ac561,1c2fa861ee2354326918902f8613c18eb5d32f3b126593338569ba774938ce12,5cd43bca07ef5ec74b5c5b0d7cde52fac0155f86c4b19f950d4db407cf740b93,a164e3871fe12dc463392cf87cfcc3dc8ee9883770fd6a35a5234ec948ef1b72,9e1f08e534abcd43210d8658a5a7d583222b880d947fd94fd56352112a38c0a5,False,2e08128cc248509785fee364af9dfe6d8a179c38641b8fdbdfd59fe6f093ee54,False
scene0069_04-scene0069_03-scene0069_01-scene0069_06-scene0069_09,10b17940-3938-2467-8a7a-958300ba83d3,canonical,"[""scene0069_04"",""scene0069_03""]",100,100,True,True,0.0,True,0.5509259104728699,0.5509259104728699,0.0,True,82cc7192fa56da95d823d13722dd64362e6906de00fc6b56c5d40f51c030b0cd,66cda053676be0acb9eb23d602a0c1184bafe78f8366ab13bc4d7a5b9073407b,e7852ba4673b1efe03a55c8e6c989b7853ae1ff838677390e13832053cc41216,f648334d55b6c5d6329950b49986a9fa6fd195c945164f1d40293bd4cdb8a238,3c8f171d14e8389d4afbc23ed5a2cae848526f4143c04ceedc518164f04d56c8,False,3f015c0448c72c93df0ef43874a4dfa71364f8938f548a10858135603b7741ce,False
scene0069_04-scene0069_03-scene0069_01-scene0069_06-scene0069_09,10b17940-3938-2467-8a7a-958300ba83d3,reverse,"[""scene0069_09"",""scene0069_06""]",100,100,True,True,0.0,True,0.8938271999359131,0.8938271999359131,0.0,True,15d72fe1f902ef1d686217d6e7992ccbdf4679de3c2c701c49fde70772baae7f,56aa9e5cbec763f00d61d93a4b647c523cbfc40a99a91a8356b994ce446dadb7,be2ce381d219e9cfc18df643bb50d614225290de1e9b5d89f7fb2560ccc5a425,77651e10d2a3db69e759d26c564a58d80d71554a809eba9062f8c5ff63272677,b31a9f2361438592970df31e5d831d049270274ae32826cfbc417634bf885d4c,False,42d8c19cd452ed87974ad6d9cbc08965922de113591dd457345bd60e7451cdf2,False
scene0069_04-scene0069_03-scene0069_01-scene0069_06-scene0069_09,10b17940-3938-2467-8a7a-958300ba83d3,sha256_seed45,"[""scene0069_01"",""scene0069_04""]",100,100,True,True,0.0,True,0.6366842985153198,0.6366842985153198,0.0,True,7c5368a4ebca28d859d7586aab1534c714e70fbc2c3dae16a663c057a465972b,c44efb2b8575b9d8008c714548c53bb9bd86ef96ba5875593746d5a1c94fa70c,444e3b63ad112fc5f58c63144cba89e3088282c1a2ac4fc2a94b189efeedcef9,66061bd2f2711af0d62d34a9cd678d18e88830db72ab6d6619d5c65935f3a2b2,fdbc832c12ef62d4bc85b5fece1bb3de19d4bcd3f4e8e42fb76b59cc73f8f7c4,False,754095685f68ec0ed7ae96959aa0660ed6cab366f40bab134d17a5124ecb9f6a,False
scene0069_05-scene0069_08-scene0069_07-scene0069_00-scene0069_02,10b17940-3938-2467-8a7a-958300ba83d3,canonical,"[""scene0069_05"",""scene0069_08""]",100,100,True,True,0.0,True,0.5555555820465088,0.5555555820465088,0.0,True,0330a75c562bd8c00887f05b93e9d0aa5b8ee1b8df34aa5247dd2fe77b214ac9,4c40ef463536ee083cdf2dbdbbdc2affbd268e564f37528a49839669c6eb6e61,fad0928e05f94660b833e66364773b518c88f44497953a55f3e7a224e4925678,584878aed34e90b4f28d707ed68aa55b49a0528a994f083f50cf86321e735efd,08dfb99c8b5b3116cb33bc1095cb3bd00c577c019cbc7b1a61f3b983500e4b03,False,90f7b477e24868ebf8eee7a7fa3848b670610e90f3612ff4f9b0caeda07df312,False
scene0069_05-scene0069_08-scene0069_07-scene0069_00-scene0069_02,10b17940-3938-2467-8a7a-958300ba83d3,reverse,"[""scene0069_02"",""scene0069_00""]",100,100,True,True,0.0,True,0.5708848237991333,0.5708848237991333,0.0,True,e3ea71a238d721a94c4832612bb6e86dc041450ab9853dd7e4965be3c1f96095,976b4cadd426a0efc86c33f2703c95f5b42cd95ac09e04b7150ffdaa7bf5bb74,645a89abd514607a417511d65f245dcd579d75699bc77c2d553974a9fa0d67e8,d88fe2c183009ee4b4ab0c940ad9cb50aa9faf4be08275a74ef3126367df6c81,931a2430168de90ff26328fd25c2df3e53b9debc875783a38c289cfd4401dbd0,False,a5c22ca72bdc79e6a91b8d0bb0fe3675f0bccdd48a33a13eeeea6b406bdaf8f1,False
scene0069_05-scene0069_08-scene0069_07-scene0069_00-scene0069_02,10b17940-3938-2467-8a7a-958300ba83d3,sha256_seed45,"[""scene0069_08"",""scene0069_00""]",100,100,True,True,0.0,True,0.5900205373764038,0.5900205373764038,0.0,True,9eed308be8a7e7c7f4170da78a4f8650052dd5b661ed28245d872ac35f7efca4,ea0ca5ffe636e1ad3e91f95319dc0357200edef458ddcb5d36979ebcdc896f1a,e092c7dd081c68f8dabc733f68ec4e8b6c69d99022eeab763bc972c4394bccea,911c991d6c61a062521a1e887427b5de3a2d521e11cf4d35e9471c8aee9aef9d,86874497ea1cb18dd3726ba3b77127836b919280dbf9a88c1b450872c3f30364,False,52585a2b9daefcbe112e430131f61c915a8f512415948b4a22588390113e77fb,False
scene0069_06-scene0069_09-scene0069_05-scene0069_08-scene0069_07,10b17940-3938-2467-8a7a-958300ba83d3,canonical,"[""scene0069_06"",""scene0069_09""]",100,100,True,True,0.0,True,0.7519841194152832,0.7519841194152832,0.0,True,bca4a8a76585f5ec0f4c2f329844472cf4dbe05645670a63406525c5a5ca9fc1,f2a40c388c577c1a11ff7bd07a2ef12a5dbbe0dd99aad1bb106c2919280f0f67,9994fe5c852d48bcd7bc9b5dd20e3670a8156aec71949e2e74ce32861738996c,50013fd49ce6ff1dd0317cc0ca28b20346635f12fd12082e6f12dd5e5b260aed,c33652d200e59546f90accd54c4a895d3295d2f45174615aad70033ddc809ad1,False,ffac79214fb70f62ae24faec3a630584ba9fec05c30355aabcce69794cacb31e,False
scene0069_06-scene0069_09-scene0069_05-scene0069_08-scene0069_07,10b17940-3938-2467-8a7a-958300ba83d3,reverse,"[""scene0069_07"",""scene0069_08""]",100,100,True,True,0.0,True,0.5714285969734192,0.5714285969734192,0.0,True,359da4461309de76d62595c95bb64715f2e9e0763aa662d401475a0888cd810e,8f321230498b7aa68d298660ca429c0e87d0e3ec3c43b1de0aa6dba42b0427f4,a7f7bb86adcceab095bd0a690e2038dab14bcc5923050220eca0388ef625963c,c9c3925c71105a01dcef4d60c40aa41624bb2df12fa9ab8a9b43c65efe33a0e0,f713252a280655ce30d9dcf3204843699388c8533c7f19c9c5382816890d0322,False,435ab353875842fbd25db2a005a887e4d84091dbc87de2f3a3b393c9af953a6b,False
scene0069_06-scene0069_09-scene0069_05-scene0069_08-scene0069_07,10b17940-3938-2467-8a7a-958300ba83d3,sha256_seed45,"[""scene0069_08"",""scene0069_07""]",100,100,True,True,0.0,True,0.6000000238418579,0.6000000238418579,0.0,True,c10fc212e196eaadde5d71abf9edf4f8abda1370fc1df6f67ed5bb174038859e,760c67534a36199d2b6d07dbc714af42b7750388a3bbe451fe62aea6b6248227,01ad602fad00b2dcdf63262d536e9819fc081be1be31a490e1de1a4e6288d819,8872d181a751a8a88d800cf867972e7f28b90935648f754f58fc061c5221b1ca,224ffde8038189cf20566aeaaa8ca1519444319700f806a55e9d2d8726f73255,False,4d1712921f8a8a988ceba5f125ddf975d61b92c3c5d484519fb1da0aa5db5642,False
scene0069_07-scene0069_00-scene0069_02-scene0069_04-scene0069_03,10b17940-3938-2467-8a7a-958300ba83d3,canonical,"[""scene0069_07"",""scene0069_00""]",100,100,True,True,0.0,True,0.5921810865402222,0.5921810865402222,0.0,True,f77dff003b8096aff849a835be0feaedf2a5a4448e986689358f077da6fc8402,8ebd1ebef7703ab2c0a5b1fcd32a41f3e44d5d9de991e702a68b2a940fd1dd24,3a453fecac7ae1a2d588082f32324a7e832540cc442f27c5f596ce43b4c9360e,fbccaa12c0e66fcf6ea84304b93ef215c3b6ac43a447c79b2fec3b6505823edf,ad6798d8e469307899183841dc42dad9f0de0182ca6c6832ea007c14e6e336da,False,1d3ac6b80ce3b1f4785372d2728f1e094aea71407498f263f3ca7e1c4382714c,False
scene0069_07-scene0069_00-scene0069_02-scene0069_04-scene0069_03,10b17940-3938-2467-8a7a-958300ba83d3,reverse,"[""scene0069_03"",""scene0069_04""]",100,100,True,True,0.0,True,0.5807613134384155,0.5807613134384155,0.0,True,de4405be17458e5f6e3e5c0d51a8f14ab53078edc7230632f42270a9797397f8,805602d5bca2971d16da4005eae365f696039ce4e2f008514cd5ea86d2cb6ca2,e3aed5facabe5a75af3dbd1cbe61e8ff2fa71666eca78a545e108443068a84f9,13f052ce6c3bc9385ea709b67782692456a36566f273bddff8c43ca6bbbf2ef3,e232e2435563ee1b27510e83af6262a316b33408d46689588a0459e887e0beed,False,7074b38a6afe9d743ff9877e8df098aa511c7b35838605e2c0b4ecad7e6f6385,False
scene0069_07-scene0069_00-scene0069_02-scene0069_04-scene0069_03,10b17940-3938-2467-8a7a-958300ba83d3,sha256_seed45,"[""scene0069_04"",""scene0069_03""]",100,100,True,True,0.0,True,0.5509259104728699,0.5509259104728699,0.0,True,82cc7192fa56da95d823d13722dd64362e6906de00fc6b56c5d40f51c030b0cd,5d1f44ad7b0d29718cdce875ea6351cccd8addd1fa0279e7dc4a971285293bd9,6197a1bbb5fa507fa864945d775a425448244ac733a465012e0552f081c081de,3894d36455c6be4bcdbb9510ee94e045ba5e52f1e75a3084e960c1e0419f4ede,5068072a3bc4b01f48e2be208ab38f51159504ae5162d253af8bac4346981e25,False,1c3d1045609c497b3262a8b5a5b678ef8e50a428e53894221f718df440c10b8d,False
scene0069_08-scene0069_07-scene0069_00-scene0069_02-scene0069_04,10b17940-3938-2467-8a7a-958300ba83d3,canonical,"[""scene0069_08"",""scene0069_07""]",100,100,True,True,0.0,True,0.6000000238418579,0.6000000238418579,0.0,True,c10fc212e196eaadde5d71abf9edf4f8abda1370fc1df6f67ed5bb174038859e,5a737a7ffe836179dbd513428f2e1944f4b2c1eed086e89618bc16c05a8c924b,d8fc85078231f108df19392deb4b4488a66f4537f9252ad8d40bfc7c793b5993,9a843017b7dbecdd2187166aa1c95b8d8ad177edbdda58990b96f583d53b3346,19fb383ddaa2d916c3ef1a3acf37a620333c07c54468e76e006a64323cbf1f86,False,174a240095ca87f9db121f1f099e817b21b89c097903b62dd00669acf039ba7d,False
scene0069_08-scene0069_07-scene0069_00-scene0069_02-scene0069_04,10b17940-3938-2467-8a7a-958300ba83d3,reverse,"[""scene0069_04"",""scene0069_02""]",100,100,True,True,0.0,True,0.6984127163887024,0.6984127163887024,0.0,True,ce51cb4e308ae2d2048f383bd505c0e44beb65e541535133ec481d01ad7ce563,b8d841378ebbf38dc482c20eaa3edee8136084dc0bd8831fd7a3d8649d3221f0,5582f5cff02fa3b6cf571e0cefadd37ab57a5471abec7042c7c614e2a2583017,2b42df1af107162bef0bc434df3cd26c3ee5222de4ea8ef55ff3a1861b9d77d9,bf9ee53e44be18990dfcc4e5ad06829e29e43c727598542c0d55fb8df5adc4f1,False,051ec8dd7b3c11987cb30c9e74539cb19b79f5daf218cf59638e9bfe34c1421d,False
scene0069_08-scene0069_07-scene0069_00-scene0069_02-scene0069_04,10b17940-3938-2467-8a7a-958300ba83d3,sha256_seed45,"[""scene0069_04"",""scene0069_08""]",100,100,True,True,0.0,True,0.4642857015132904,0.4642857015132904,0.0,True,28d58433687735b054a43ea7ab56953040a9fc4645808feabcf62d995a0c83b8,e8a826dfcad14c96ef57e24d6d4ecf7888c01d171fb36223f781877bd525cdc3,638d5c304eda3778251836d9f943c30a792f0a490d3a7689c2374448400dcb34,83deaa3259383789f75f2666786889c188062e6c8deaf68d0be1cbf2abfa1305,a61bb7ab1b0d09cd1fb622d75a7ca274ca4b4cc15a5b0c216e0a586054f07e13,False,c560403869729ceaf48872cb743329f53cafd399409398d6a7a5e2773a8a275f,False
scene0069_09-scene0069_05-scene0069_08-scene0069_07-scene0069_00,10b17940-3938-2467-8a7a-958300ba83d3,canonical,"[""scene0069_09"",""scene0069_05""]",100,100,True,True,0.0,True,0.6111111044883728,0.6111111044883728,0.0,True,eae4871f50c0e8f88f37cc02593a564888e0ca1285eb0b06b045e5a1f3c3e28d,f34e361a04fcb0f86681994aa02a9d4bba30b0e8f23099330639f2b922c60159,1e5aef68c91abf1228454621d450ab2c1525bebc65f0fbdb1204d335585b3547,5f818999993d61459c2b6fd98b04f6a27dcfe4313444ddb92bd2871fa7e6c23f,76868aed9f7e5d61afc2285f84785ccd8f5aebc3195e3acc102c6190c92b9d74,False,a38765f2e76bbb47a35bd78c4e755d8250a205ca8faf1166f49b23af3853ad9b,False
scene0069_09-scene0069_05-scene0069_08-scene0069_07-scene0069_00,10b17940-3938-2467-8a7a-958300ba83d3,reverse,"[""scene0069_00"",""scene0069_07""]",100,100,True,True,0.0,True,0.7190278172492981,0.7190278172492981,0.0,True,a2e1b2b751a481d262089d21622d2b0a3476a35d1971b5aa849bbbf70258a677,d406c21b9893a1e68133102bf4128d8805c379df03d0f4a9c1ad998d107d4855,5919f61169d938b546ae2187a4b140c575b6dfeca3f7f5c0d8d39a9e7ff8f45b,fdbef0e98c4a7811ea2b0fa17f6397a5fbaa21b478ded5c228bd8ddb04dde43f,250ade444995226c834d7c1e141a316f01531e434214d7a43ccc0cc7c94bc146,False,ef760e42f143f0f41690ce6d69a0a0404b5e99354dd74e607d7123565d2fe537,False
scene0069_09-scene0069_05-scene0069_08-scene0069_07-scene0069_00,10b17940-3938-2467-8a7a-958300ba83d3,sha256_seed45,"[""scene0069_08"",""scene0069_00""]",100,100,True,True,0.0,True,0.5900205373764038,0.5900205373764038,0.0,True,9eed308be8a7e7c7f4170da78a4f8650052dd5b661ed28245d872ac35f7efca4,f16c7d61573fa2b2442c61b62ba936dca9a90820ee469f073093a41023553bef,a73792716a0445559cb7a4a855cae6065426c9eb7ed5ad41c28771ac046a6dd3,9d2149ee210ff090870c2c5b48d0a9c3c2e774618ae138f5acde05b5e00afd8c,22add35eb19f65b1b7aec161ddaaccf60749a0e0620e9348bcfd8c2539d007a5,False,66670309657a8583e78907ad9d8b638c05784a670cfea25aeaa2650a957fe9bc,False
scene0079_00-scene0079_09-scene0079_05-scene0079_04-scene0079_03,137a8158-1db5-2cc0-8003-31c12610471e,canonical,"[""scene0079_00"",""scene0079_09""]",100,100,True,True,0.0,True,0.7088889479637146,0.7088889479637146,0.0,True,29fb9c9d918a6258d5070267ef2c8713a3a6d901efc87009b0299251f42d1c83,63ca8c6dcf98f8a5263f19c35751af239fd8b115250dd706ec5aac7bd14bcb35,ee714288416468309f430e577ed4033118a4f52097a059198f61ce1f8bb8003f,6a43fd076ee6fd1828f5c3ff5217ec6a570e519570fab8a52fd007a197b5519f,07283e3896e59bc5e9f100658b548c9bb7fb6b67985465c2c0008942c83eddbe,False,d4ee6e4f9253025d62a7026c1de0cdb9dfc72522b1392ac93390412ac723a215,False
scene0079_00-scene0079_09-scene0079_05-scene0079_04-scene0079_03,137a8158-1db5-2cc0-8003-31c12610471e,reverse,"[""scene0079_03"",""scene0079_04""]",100,100,True,True,0.0,True,0.7648148536682129,0.7648148536682129,0.0,True,c68e0ae0669264f1083ed55262677f752cf86588be42dad4ced2fbb6bf605b5b,50f6454558c5f752c102d6ff20680f48621f5931e462a6e318f6d190aa6bd5ee,3396419a3b18a5061b7f8056d1eb009f8810183ff9f64432bf579a56a833c76c,f165187793023e6d67fd9675a9a0aca2e4ac11dbd7990c0fd688d71383c208b5,9e122af4c9aaf73826a56875fe0258e247363c8070d32f84328b8bd274f8d956,False,0be75c24c4d57f785d48cf22512701724a0300d28413005dc1efdab3a118f117,False
scene0079_00-scene0079_09-scene0079_05-scene0079_04-scene0079_03,137a8158-1db5-2cc0-8003-31c12610471e,sha256_seed45,"[""scene0079_03"",""scene0079_05""]",100,100,True,True,0.0,True,0.5773810148239136,0.5773810148239136,0.0,True,fda2c3eb0d5437e0e2e067b812ec6a6881334ecca7f172df305e6c99d1b50cd2,8bb315bb7912f6b5754fc09c11024ca0a46caf21e05601c25f9df951a093ff98,87c20da19cd308611cb4259f6b2913407edee651fd151b87f44797713003098c,7a0e013782a3aa5d413c46777dd6263f2be93a14121ed9761f29787f6126d2bd,13e22ff072f6d1e2b8f1f9ec77c1d08db7d4faef7284213afc79b842d9c3c4a8,False,56a31170fa24ad0c9e6a2d488fdfb5a4d245b0da06e516a9569245177ebcad59,False
scene0079_01-scene0079_06-scene0079_11-scene0079_10-scene0079_02,137a8158-1db5-2cc0-8003-31c12610471e,canonical,"[""scene0079_01"",""scene0079_06""]",100,100,True,True,0.0,True,0.6592592597007751,0.6592592597007751,0.0,True,0685c8fc64de64128495c6116ff8aaea405ebed6741967b772da69e1a24a8da7,22a93f66ddec819bac7ce698606abc2fdfd67341284c2897222bb82d4537ed6e,832444395957b66fddee195a1ed152fabd24b96efceb92e47dd3361ffa78e605,64d84900926380a56e13d9a2b57cc0b41e190df9c8ff497cf879ecc4455443b2,9ff20a34bdab261997159ccd942baf394bb68011b7ae616192cbb757dfe9c90e,False,5d5936a267d6ec5c2d6e2579f58e3ccfe018a2ae0c9ac8ed7ba0f2181863efd2,False
scene0079_01-scene0079_06-scene0079_11-scene0079_10-scene0079_02,137a8158-1db5-2cc0-8003-31c12610471e,reverse,"[""scene0079_02"",""scene0079_10""]",100,100,True,True,0.0,True,0.5844907760620117,0.5844907760620117,0.0,True,7bca412d43a42239dd721f62a7164fd95b1ef8145db0867348683f927f592baa,22fbdf65c9d45e3f95c556cdd05ea691a1519d146b9a3349e9c4f75831ec192b,637a6b4b120f02dc1aa6380d77d5ef943ec6120b387e49fb8a256ec4e069ef30,3837c8974b9a5493a684a0297250dcecfb5cbeec1d625133fe3903ec9b660774,5bf7f720b13662a18d028562bd0ac698e329346bbeb1ddd702b875704612f916,False,c64fe653129090024b513774fa4762f9bed8f9c7cabcbff490f2f8e47e0b8b67,False
scene0079_01-scene0079_06-scene0079_11-scene0079_10-scene0079_02,137a8158-1db5-2cc0-8003-31c12610471e,sha256_seed45,"[""scene0079_10"",""scene0079_01""]",100,100,True,True,0.0,True,0.6698148250579834,0.6698148250579834,0.0,True,68c1e38701578af5c45084c823c423e4d57c194ec30df45769e40f6bc332a773,7640e93528ff840a37638eec8215271171c018714bc5481802f634ed67c29f17,f233119facb975837c994e5d9c4abef872924bdf20637401c0e4262c1ae94b09,36327a74b16ea510c8fd3f9cd10bb9bb4e1f2994458cd61ee4ebc0e5020e7f44,dfdf6d6900ea9039907d7dfa62230f171a53aaf120553d8fb7984d08e871b76c,False,dab45b13f42ba123a4bfb28c0ae38adfdd2f22a7e00cc452f8138b559c44bfc5,False
scene0079_02-scene0079_08-scene0079_00-scene0079_09-scene0079_05,137a8158-1db5-2cc0-8003-31c12610471e,canonical,"[""scene0079_02"",""scene0079_08""]",100,100,True,True,0.0,True,0.5859788656234741,0.5859788656234741,0.0,True,184e3bf2014788aa615ad5c09f328cbd11159926264bb5df9612f3ebfe9b6c27,e51d269b49aad0f591bafa163117e84ca6e59ec2cd86fd60dee3e1a94d765a8e,e2ccd99047b4cb160d2a013bd11d1e617bd99aadc89d0ed7a17d314314e2905d,83164045882234743d5eec592f11244e504b560563423732d0f595f319fc9870,b05077276a1feb370f15d9c02dcf3bc3c318f60eb895ca1644b71290c7a57cbc,False,76245b2cfc384c0a3924b29c4ba8ec535cd6236bc8d4f3965f2a4136bbe30572,False
scene0079_02-scene0079_08-scene0079_00-scene0079_09-scene0079_05,137a8158-1db5-2cc0-8003-31c12610471e,reverse,"[""scene0079_05"",""scene0079_09""]",100,100,True,True,0.0,True,0.6499999761581421,0.6499999761581421,0.0,True,bf9f0a979cb4420f424e771d621439f1e446f72ed342c405fb731c20f955f4d7,22359bdcd9c69c915a8cb6f28c9bde620ba0dd0a04ca2fd091fa313fd540dbe5,f51736c155a41ba24245f100c3e92c161898fed8c23024b4aec1e0ec2f75bbf7,4df31698c5b2cf8860a637a809a736aa9db879534f1ec3d43291694c7881151f,de9c5f78fe03ea51445d06b6af75304e74d10e87154b36a8572d673246c2bf72,False,4de380db081d8c2816e940f8a4875027f2251c8742a7cd3d3d1e2844409b1128,False
scene0079_02-scene0079_08-scene0079_00-scene0079_09-scene0079_05,137a8158-1db5-2cc0-8003-31c12610471e,sha256_seed45,"[""scene0079_05"",""scene0079_02""]",100,100,True,True,0.0,True,0.379232794046402,0.379232794046402,0.0,True,e179848862ea12744fd137118da6b8a4208410630c0241a064d5838c9328f2ea,3ec1a688e47c800f4e4fade8117a31353b49d0d58d5e3ab0a68297ed91f8f1cf,14e597223ac168111830004cceb5f1c4b2a3ecf1da33838f369382205a90856f,9a457d50a89b4f9af88fb421e27bb313aaeed73a0c5fdbb4aef6b3d1f0e9de00,2b0ba6846c583d25285a1f794d068fa2aa6c105cf77406f4ff1b67054ebc50f4,False,fbe4f3d7719aceb36288dd94609f6fd575e997a5d9ea04880d17de9817d9ead8,False
scene0079_03-scene0079_07-scene0079_01-scene0079_06-scene0079_11,137a8158-1db5-2cc0-8003-31c12610471e,canonical,"[""scene0079_03"",""scene0079_07""]",100,100,True,True,0.0,True,0.8246913552284241,0.8246913552284241,0.0,True,db41367aacb01724e2f7efb839c857fd0c4fb2687e4372e06d3c0e138b36e0f1,1758636121109dae2034f4f59464261fc3dfcd526b23f74f066b9f7ea385995f,58efb98dcc9a78acf43a1c936ed9d69fb1113c9bd989ca136a91fc877de2f562,30071f9269f1c7f69d474ee00a16f077dbca46973bf8d488e248c1d6cf58185b,8c2543529418d7a22fecbeebd44223c84a7d3fda4bf55b451955fa2eab57c656,False,02f81b835d1072d25d2b239bc472ef373ca004db40b731e321d2e696c52f7b16,False
scene0079_03-scene0079_07-scene0079_01-scene0079_06-scene0079_11,137a8158-1db5-2cc0-8003-31c12610471e,reverse,"[""scene0079_11"",""scene0079_06""]",100,100,True,True,0.0,True,0.668518602848053,0.668518602848053,0.0,True,4575f97599a2545845b9e172958163d4d2bb00262b638dde42b87038d8db2081,07d67a71133b6667a0fd232f011ed976a9c02e770de90cb2063d6a40d2bc9644,61c7f63726a514eded022053208fb762fd622e14893389f27fec06b27627d8a1,623c5be197a77c4171ec9afc42a3f08081cc6f94595012d7e8c73950c3c63dc4,cc72e3666e17780b7321d6efd55ac410736a021c999ec98d27a0d6e1c1cfa15b,False,c546dc6f3d3d782b8ea332ee50a5dfa824cfe1b0b335625ae9e6029383e9ecbc,False
scene0079_03-scene0079_07-scene0079_01-scene0079_06-scene0079_11,137a8158-1db5-2cc0-8003-31c12610471e,sha256_seed45,"[""scene0079_03"",""scene0079_07""]",100,100,True,True,0.0,True,0.8246913552284241,0.8246913552284241,0.0,True,db41367aacb01724e2f7efb839c857fd0c4fb2687e4372e06d3c0e138b36e0f1,53ff9e42e4b0c744fd3d5054e571388866c6a498870581f392cf475e030089ec,66c87ac46d772a008c98357751fe83522a1f6c678f970efe5209dfe18a62ff46,cc835815ee59c7a668ef5123d6802b3e3f85ca083d43515a35474ce1b2fa206d,f07589ed43f02e4ef072be87e8c43fe6b6ac6808eef3426f02784e66af198ad1,False,18bb56768aa1ea5045a433d027defe5e65e39a8b74164217e45ba85b4144ab04,False
scene0079_04-scene0079_03-scene0079_07-scene0079_01-scene0079_06,137a8158-1db5-2cc0-8003-31c12610471e,canonical,"[""scene0079_04"",""scene0079_03""]",100,100,True,True,0.0,True,0.366115540266037,0.366115540266037,0.0,True,7f2ebeaa2fce55773e9740ca683efadd1b1766cf653e065954460273279d5eee,8c2dfd5a8416281f7e2f588b9c53ad10cc143a58513b10c46d5ce49a80f2909a,fb93844d4897c923e678963aeb159f7c30d181c7b1760e5f9da9c669ff53e993,71aa311e8f1ae0f5beb2ac9191c7b5e68754093435a120d049b1b7c91cfac087,db9e3ac64d1a8e23066484f37a9acc88d258fab12ecbdf7e3663ae7945098a33,False,0a5e47763588e467e765f1189cf5bf9a91f379681c58f2ab4df3cceaf690ce8a,False
scene0079_04-scene0079_03-scene0079_07-scene0079_01-scene0079_06,137a8158-1db5-2cc0-8003-31c12610471e,reverse,"[""scene0079_06"",""scene0079_01""]",100,100,True,True,0.0,True,0.6674515008926392,0.6674515008926392,0.0,True,c5f7fecc2383f51385ef169afdaff661190782948cfdefbb53bb14ebefc42376,8195238aba9229259a55aca64fda788802d7ae92c9b581a813f310b8ffc3c624,cc86e3aeb8d7147b9501d771e97622e2ddf4a2b3448c1979d85f62ff3c756f41,65a738ef8dafa8b8b509b7b31e7ed679b6bb2f5c56f9f6c6739b88dd33fe7fc2,f925f74d729fe2331e32ea34f8d3d8c2d2d475ded2840ffdb9199301622ef52c,False,dccea55dde65532a16ee94b5d1b5100b791c3916e28c5de78006221f165019ce,False
scene0079_04-scene0079_03-scene0079_07-scene0079_01-scene0079_06,137a8158-1db5-2cc0-8003-31c12610471e,sha256_seed45,"[""scene0079_03"",""scene0079_07""]",100,100,True,True,0.0,True,0.8246913552284241,0.8246913552284241,0.0,True,db41367aacb01724e2f7efb839c857fd0c4fb2687e4372e06d3c0e138b36e0f1,7bfbaed61bf7398636c4e7a3b621fe1e8d36588519adf060b3c195e378dec033,d51aa0047164f6e1d5aaa53d18e07b6dff2b85bddfb45d83efc5dd8e7b587496,87bf908cd5e728b5b365e0420150d09d07e2db7e1bde9f03adc807617de31e9d,91ae74188587bc52ff09a8a4fde633d3f9fdd36a38031a1e927ac8891123987c,False,b6963b6234dc9495b1b8e0b81aa06d3402f2783040d27618f992a4fde914996a,False
scene0079_05-scene0079_04-scene0079_03-scene0079_07-scene0079_01,137a8158-1db5-2cc0-8003-31c12610471e,canonical,"[""scene0079_05"",""scene0079_04""]",100,100,True,True,0.0,True,0.7876542806625366,0.7876542806625366,0.0,True,44fe1d06c85ed75be80990d073af8107a32fd9ab508165b661afbc088365c2d8,88c66d42ccf790ce56221c308179bba122f69b3ff48db87f5cc61648a226badc,92d9fff879d1598557363ae8c01c46801b638f52649f18d868b6391823e5ada6,64fc0c8152c47bcc68ac5d82776b7e2abfcc25e5b124898790cf3454749647d8,9060ad67ba9e449e7b252e8a2b320fe4af619bcc22cf8a05c269c6b9d33ab151,False,ecef736293b160806c64fb2059944cad53266694a33f7b27d3e45045f230aa64,False
scene0079_05-scene0079_04-scene0079_03-scene0079_07-scene0079_01,137a8158-1db5-2cc0-8003-31c12610471e,reverse,"[""scene0079_01"",""scene0079_07""]",100,100,True,True,0.0,True,0.8099794387817383,0.8099794387817383,0.0,True,9fdf6571c12b2dbb47306fbda6280bca7f31023f38aea17ba4d54647e767f384,87f601975e3d3a5c554012c9743b566d7c05b90dd7d447b3e93c4ef74dc88f06,1ddfa20efa091d4555f04a978287ce939cc64f9512725aaa4864a96302729169,b3e2927447611c0e1dfba6f0ebc1c448eb221f5c20018795d3e4785732c82fe7,3e07909d093a1a0c66aa5aba2b54f9e5f60f3dccd9e106d18f0f3813c1731bc4,False,8805aa14666c51971e87b1a1f621f7d1bcaa7156a2ea4314686c15479c983d28,False
scene0079_05-scene0079_04-scene0079_03-scene0079_07-scene0079_01,137a8158-1db5-2cc0-8003-31c12610471e,sha256_seed45,"[""scene0079_03"",""scene0079_07""]",100,100,True,True,0.0,True,0.8246913552284241,0.8246913552284241,0.0,True,db41367aacb01724e2f7efb839c857fd0c4fb2687e4372e06d3c0e138b36e0f1,4ab41394f8411a79e2ffd7a63ba83338bbcd1583b19b30555252f5ed20bd524f,5905345cb7cea9f5defd661c6523bf048a5e73b5974b1a12e0801a485b26fdd2,b93357c445f2e858d031901106de6f66eff2224114da1b4af3e90477863de979,102f30b17ddf783aecc6507c703dfef3d61663d653269a14653edff7ef0e1d72,False,5b1a25a8a7a7b3e7346f6c6187a0fe42943dd6669f41d20d055a69f7d71a520f,False
scene0079_06-scene0079_11-scene0079_10-scene0079_02-scene0079_08,137a8158-1db5-2cc0-8003-31c12610471e,canonical,"[""scene0079_06"",""scene0079_11""]",100,100,True,True,0.0,True,0.25417327880859375,0.25417327880859375,0.0,True,1b9ba7466a3c1b807d43e8b14755b0778dd6f1426cb1716632d03dfd163ef4f7,71a4fec550fd2740326cf3377a50ac2357280cbcd96928badb6febcb7acd39cf,d2572df90e29bb6ff4d3afc3b1c5d1f7e5eb7926ad4bb65f0fc1861d19ff5180,39d4ddd62f9e3978621ec1b3b5be8194f17b2822673203055b5aa00f96b6e559,bcb09b804d18b354ed1d2785c07e67de58898e7f58fdc993254233da06f3c2ef,False,54553e551e51c181038081d07e06908670ec2745bf820fc8d169afebceb1e911,False
scene0079_06-scene0079_11-scene0079_10-scene0079_02-scene0079_08,137a8158-1db5-2cc0-8003-31c12610471e,reverse,"[""scene0079_08"",""scene0079_02""]",100,100,True,True,0.0,True,0.6161375641822815,0.6161375641822815,0.0,True,b500652c70bacb3f78c143e4ab277a94f98210250d65e99b7151ff92043f9c02,d6ea3ed7304f7676d10eef9fd729a2483d9476a9d3ee0537f975ef7afdbdb349,cf9ee06dca19e8be1966a112440ba1ace1687793c1756172547317591bfb5497,9f7710908f2b15a29962ef9d3b294a720130f458b3e75fdbdf5b0aad02e63193,9d7665f85a33946bd0ecee80ff606fa2bb11afcfba9c930914bb5d076565fd4a,False,d6de531c51a161841777f98bfdd7bd571e60f07e3051982a690a54ef7b684312,False
scene0079_06-scene0079_11-scene0079_10-scene0079_02-scene0079_08,137a8158-1db5-2cc0-8003-31c12610471e,sha256_seed45,"[""scene0079_10"",""scene0079_02""]",100,100,True,True,0.0,True,0.6613756418228149,0.6613756418228149,0.0,True,c361b5886f18ea9a87f00cfcdfd5538dd0ceea5d728ea44e3638bdba2c958aa8,0f0e601524043d856e472d2eba830f49bd27b0c4ed86d32b7b2871cc9423d543,9f0c4a5e0f88f202fafae2c98f9fbaa59a2411da497f2ad8c7041084ee75f7ff,4287e84854703f93c7c22c50bb0d46d620dc2c902f980db620ee4e49612763ef,c4ffdf3d08627fefc96009add028a19231097a492cdbd9061457af797882de0a,False,c84b42dc4b2ba1de18f09c0f9645057781cbfb8bb89db6f953149e306ccbe93e,False
scene0079_07-scene0079_01-scene0079_06-scene0079_11-scene0079_10,137a8158-1db5-2cc0-8003-31c12610471e,canonical,"[""scene0079_07"",""scene0079_01""]",100,100,True,True,0.0,True,0.6607054471969604,0.6607054471969604,0.0,True,80205c0cad0332fb6cf0208bd1021018ba5b522d0ac5cd976c6b2c8afefda032,2ced085d6194162fdf5a0c224ad7b9b2a65f1b5013f123bfcb5de8f3547adc48,8c607fad90febb9f50ab610a9c3038357a98f28477806fd03bbd3080b4cf83d2,609b59e7a672519ce83d87e7d13c1f3430592e2b1892d9b16aa3d8baf28aa3f0,9f3ee608e0f7b31a7d57c1e5e7a51f6b183fd138bcd6392d9fd63ba068e6a04d,False,cd55af22213a1c439a1dac15c2a438e05b5c7bb9e370f4463af15019ee902faa,False
scene0079_07-scene0079_01-scene0079_06-scene0079_11-scene0079_10,137a8158-1db5-2cc0-8003-31c12610471e,reverse,"[""scene0079_10"",""scene0079_11""]",100,100,True,True,0.0,True,0.18694059550762177,0.18694059550762177,0.0,True,7f9e20efd396bbb0030631f4ef5188da106b1809689eb9df7c8f097e354e1028,2740a2c3cffda484bfc08d305b0b05645580741813ec4a6d0cda4c6e93e64c98,490fa266dfbad28e541b6e2419da72dc32532667f4d8d7c1193ffb0e4faf9e41,b27450375b7db09042e21da415794977038b7a8ea79dbe3658e546c41861b603,62535f1d02cf21764708fffddae71fd1b59e6186490697f4fe405adc8cf11230,False,b32dc6e95ca96ebd280132002ebe0ae537eb46601cb0aaf84e1e95db55aff382,False
scene0079_07-scene0079_01-scene0079_06-scene0079_11-scene0079_10,137a8158-1db5-2cc0-8003-31c12610471e,sha256_seed45,"[""scene0079_07"",""scene0079_10""]",100,100,True,True,0.0,True,0.6473147869110107,0.6473147869110107,0.0,True,d5b31869e57653eb50e5ffc1062f49738e33665a4e9a19bd9d9f6113aa184e88,570df254a677a26f55b9f2f310eda5b52a6f1d2c3d8909974cd09e2eb62a4e61,7e85ff99645382a53d600031d2f133c47ca8816397e38f97efef8f167dec1adc,c9242391b5e30c5c45fab1199df90a4d42027bc7263ce23abff920f11b387d86,3f801af3c4612dd3277670ed1f9709bcfbb7a8a44775ed767add7456bd072fd1,False,49da513607a065be43223835335f7a86bedbd2d9c8ec8f8193777b8f86a4d475,False
scene0079_08-scene0079_00-scene0079_09-scene0079_05-scene0079_04,137a8158-1db5-2cc0-8003-31c12610471e,canonical,"[""scene0079_08"",""scene0079_00""]",100,100,True,True,0.0,True,0.48645973205566406,0.48645973205566406,0.0,True,5f6c3027f800bfe548b2347cc34b45b63069a2ec0b3f4ab54d05e80464adff5f,8b42f223aad6dd40690b60a682cb8f3dc4c05ccb507d96aecbe981902000005a,b480975a62ba44c52819e61f8148420cfede9fa5da114f71a7207bb97b7ed91b,02feff3cb58f4ef4baf559d704419ad24db57fb1ad9ae4f4b6843e5ad1037a0b,9d1403acbc7ef66cd57db910174d21b66de82653a51914417464086b141b3170,False,1fa7c84427b5f13c9e1aea4da3ab0a9e987375eea107fb89ad78bdf7f4ff8652,False
scene0079_08-scene0079_00-scene0079_09-scene0079_05-scene0079_04,137a8158-1db5-2cc0-8003-31c12610471e,reverse,"[""scene0079_04"",""scene0079_05""]",100,100,True,True,0.0,True,0.5743549466133118,0.5743549466133118,0.0,True,7d5bb401296dfcc2a8e9c9d334ef188e3319af5bba3cfe62d067c0fb848750cd,3d580fecda85058c5cda68ec21e033aef2ac8545e60c3bda9a917c4eaf3ead06,d05bad5c68f014440e8bd98e93171904b296e5c12652aaae190ed11f23f3f756,077de5e1317b1e085e44ba5055950daf458fa78018faa2ccde278e0c9e95363e,86558de6c35f52d2b2f22a54a4a3234dd9faaaa9c07b773b6f89a3eb25e1db8a,False,c6857b5a1aa6ab0e82dbe94526d6496776dd40aeed082f6b77a7400c083e9732,False
scene0079_08-scene0079_00-scene0079_09-scene0079_05-scene0079_04,137a8158-1db5-2cc0-8003-31c12610471e,sha256_seed45,"[""scene0079_05"",""scene0079_04""]",100,100,True,True,0.0,True,0.7876542806625366,0.7876542806625366,0.0,True,44fe1d06c85ed75be80990d073af8107a32fd9ab508165b661afbc088365c2d8,1ec42fc02a73a7cf54d31936736d61a05fbca3c825b4c960f0114f9287476362,38a1279a99dbbfce50824ddd47bd6c373193a68c8acd76a766c57ef4d0330675,8e75b4c7e6052c9ef7e1e65996edf8bb34892562a2c1bea6df702a8605ac7fd3,77cf0b718bfdc227ab898c2b91047840b0afdde733d91296f858a2c4007d3ef6,False,f10d27f096ea59ad8eb6a0761f68771270693105e1a2446627f2fe5ad09ba3e8,False
scene0079_09-scene0079_05-scene0079_04-scene0079_03-scene0079_07,137a8158-1db5-2cc0-8003-31c12610471e,canonical,"[""scene0079_09"",""scene0079_05""]",100,100,True,True,0.0,True,0.5851852297782898,0.5851852297782898,0.0,True,7927a10553c3f58391aaede660822b1ca8a3edad1a0136d2235240d928f55e52,8b2f3e244d10020d706d1131a4a5b1a5cde31fba19ea4eee8276805f796df4bf,23e31d32aa15e8ed0b9e69a742dfbe1678aaf1b8a9b52d611c57c8a03428eaf4,5f35d7e112d8759d996620848acf3a4405ac47bfcb4a0e0aa7aa7673c8409ba6,07f05098291917c51d7e3456386cdf06fcce9b100005f0a9de86806e961b957e,False,dd6a0c84597d8fb0ef450aed94c0e744b5002dee579139869cebb0444661cbb1,False
scene0079_09-scene0079_05-scene0079_04-scene0079_03-scene0079_07,137a8158-1db5-2cc0-8003-31c12610471e,reverse,"[""scene0079_07"",""scene0079_03""]",100,100,True,True,0.0,True,0.3829346299171448,0.3829346299171448,0.0,True,d48f0255b2a7acb3ffe34d55f0dd2f7b279e5b62d349363ded295cc652c87f47,f3c7d816642feb8673793ffb44b2c0387c31b5f3b51fe3d2f4e0015ddc3416a3,72fe16bb9927356279a1771ab1082a378419b3327a5dea312fc73a9ca9be3e80,d1b71346cb4c3021d7f253b22b66ce31ea6ba6d0a8a43ba6d7dd97b400af7bdc,2c6be3bb94ea0316c4246dfb2f6faaf106089fdc2c86c360ac0f0f8354232d79,False,9be4910cb8406b1ba6f44612bdbc49dd579ffa17fa9166162efab647a691f19c,False
scene0079_09-scene0079_05-scene0079_04-scene0079_03-scene0079_07,137a8158-1db5-2cc0-8003-31c12610471e,sha256_seed45,"[""scene0079_03"",""scene0079_07""]",100,100,True,True,0.0,True,0.8246913552284241,0.8246913552284241,0.0,True,db41367aacb01724e2f7efb839c857fd0c4fb2687e4372e06d3c0e138b36e0f1,7b780efbdfdc30d05009d1a57248d7f53be5079a8b91c51049837c01202a623c,06f9db3eec2b67b05d0567928ab660b17f5feca376a092b5c7fb986e6cc1b9e0,9bd4aafe57a14d0d63fd54d208c6c8467311ee655dc89a37592426e58b355db6,9c2a23f88014871d274c86eb02a30946c58963e448369006a2ed573cf1847ff4,False,1b34f5cc94099f0b6ba4d481800b19c591536db0f4057578e6114a3d7cbcdaba,False
scene0079_10-scene0079_02-scene0079_08-scene0079_00-scene0079_09,137a8158-1db5-2cc0-8003-31c12610471e,canonical,"[""scene0079_10"",""scene0079_02""]",100,100,True,True,0.0,True,0.6613756418228149,0.6613756418228149,0.0,True,c361b5886f18ea9a87f00cfcdfd5538dd0ceea5d728ea44e3638bdba2c958aa8,645ab6bb9aab47836f8980f9c6401a979cd93aa7ee0fa246dce7bed7faad551d,dde68b2b7d83cd9d8d3b369bbe475a193a74615f8f0b5f92bec0f130f9320ebf,62b1fc15f7f8c747470cbd4a98449639eaf961fcf0359379e0a86b650e300172,389cf174e07d3f17b10276e063a8dfe5531c03a45cba94020af15d9a7c376c0b,False,0b81b953e88414cc1d0a3f005ff114bea7f5d902e8ae1e25f8c81801c02d0152,False
scene0079_10-scene0079_02-scene0079_08-scene0079_00-scene0079_09,137a8158-1db5-2cc0-8003-31c12610471e,reverse,"[""scene0079_09"",""scene0079_00""]",100,100,True,True,0.0,True,0.4959360361099243,0.4959360361099243,0.0,True,e18229abf9ef8b9fdda133f768b57ba984151fbd0e17ad5ec0a1d74541a3755a,87f201b7879d62cd98fe5f67b921fb570bedec5ef3f1912027b34259adf80612,0d46d63899a8d91feac993a09278c35def3d82ff18a01f3cc95854dbafe2507b,8efec9bed35262ff3b84ab0931eb95ce0d4191b9930602b726e6a059ec1eab11,ddbf353a47414e02d25e486e8f353e02a684188b7ec1885be869749352c603cb,False,e6207340b42d6c05e64de162dab15aac722de1423f0732754d2b6317d6ccaa27,False
scene0079_10-scene0079_02-scene0079_08-scene0079_00-scene0079_09,137a8158-1db5-2cc0-8003-31c12610471e,sha256_seed45,"[""scene0079_10"",""scene0079_02""]",100,100,True,True,0.0,True,0.6613756418228149,0.6613756418228149,0.0,True,c361b5886f18ea9a87f00cfcdfd5538dd0ceea5d728ea44e3638bdba2c958aa8,fb99e75a257929f83d2fa7569b2f4da0aadf81d7f58180c28d07837a04791486,1bb5a4bfd595cee8145efc1886f00e8489023fc3c6c70e82f89ad521e04d82b7,f0e001b4ef58efb56e6e5a81ddd3815516c34092061bbd86a34946ff1093ddb6,c3c744c446c3e04d9dd4ec7c9877787d6a567d37cd60e7cf4738818eb747f2d5,False,efea11ce53db66c0f988495d8764c3c349cce7c501bbe9296e48c097c4ecbe6f,False
scene0079_11-scene0079_10-scene0079_02-scene0079_08-scene0079_00,137a8158-1db5-2cc0-8003-31c12610471e,canonical,"[""scene0079_11"",""scene0079_10""]",100,100,True,True,0.0,True,0.5962963104248047,0.5962963104248047,0.0,True,dd8cc248eccbbfd9582d58c6a2e194fa4076a5c55b978fe09ea32598f46580ec,078a2b1be979ce560e8bafea3411268551e4b1a4aaecb79c6e482544c31ee16c,7c3f144b9f1796d274062292ff92e68b14a44e89048f81d67bd9da8ba3c9c0ca,562de447a7ad15b67e8fcfe72ecc0016c9d0cbc3acfa64351eaa49ce17513a21,192e4c326401aae6aa92685b1fed3f3bba205726cda8123a1f3e0a620e1676bd,False,85c8cb2fe4b2779407ad081e3f64d3bb997936b280ca74cc433b07ba67dd478c,False
scene0079_11-scene0079_10-scene0079_02-scene0079_08-scene0079_00,137a8158-1db5-2cc0-8003-31c12610471e,reverse,"[""scene0079_00"",""scene0079_08""]",100,100,True,True,0.0,True,0.6354056596755981,0.6354056596755981,0.0,True,3c9338ff0faabb27af341f649344a5ddd6fece63a47205e93707fb3cb67350e4,dc8b7122b7c9407a0c7a05b755c2c59fa6ec54b97049c9a4a353ce0ff5864a02,4a45c37a8b1f2d67d58eaa95de309c2dd27371047e1bbe09b56336d04d17213b,98917bc81adf67bcd28f952171a98b9dfddf32b98fa95dc1d3a71d6a903f24ad,be2e1e3b101b9bfc04e526db178a6d4a0ef215ebeca46206130c4d086d8c8452,False,4de0f6ad44bf695e260df2be48f0d5998a0557dd3c2d222eb0912c7ab089b258,False
scene0079_11-scene0079_10-scene0079_02-scene0079_08-scene0079_00,137a8158-1db5-2cc0-8003-31c12610471e,sha256_seed45,"[""scene0079_10"",""scene0079_02""]",100,100,True,True,0.0,True,0.6613756418228149,0.6613756418228149,0.0,True,c361b5886f18ea9a87f00cfcdfd5538dd0ceea5d728ea44e3638bdba2c958aa8,4098d456fc5132694211677444817d81b8606ab55a0cb31f31b406b810460288,dbdb852f6afaa4e84a41c6d5e1fe56011b1d7bd7bb08bc058cbbd4e41c0d6717,58fa957c45bbae05a33b4bb10e9e7cbfbecc23f4b1d6b1a412d90ee7901ed4c0,84b293d56408465e441503d021eb641a30afbe0a1b10c535214d8c9a14cbc88d,False,be10c090631563f30d9b6d64e9a32669453e4dfa79c585a804a3f84878f9f528,False
scene0119_00-scene0119_02-scene0119_03-scene0119_01-scene0119_04,280d8ebb-6cc6-2788-9153-98959a2da801,canonical,"[""scene0119_00"",""scene0119_02""]",100,100,True,True,0.0,True,0.5606995820999146,0.5606995820999146,0.0,True,48f4a5e99546a2a3033abb4519aa1c36901b299b0aa4fd2e6896da22542da515,ed2608c7e84d6d60385ee3c470018e9ce4be00ac22733dc27936b50188184c61,c2f86be7f348365516c2bb0385d27700ee7fe89f4ee737c0f7f21adfa3e8112d,6414fd90d9514086507cac850c3bf778d195b0d89c402726ff965c47dc0fe262,aa7750c15e16c86c1c1264977f2d0e9729fbacee6ccc3ac220cfcbce0e09809f,False,3b25c97dabf25659daff95381edcdedec29bc956abf8c7ba9cddb2f3ef950f4a,False
scene0119_00-scene0119_02-scene0119_03-scene0119_01-scene0119_04,280d8ebb-6cc6-2788-9153-98959a2da801,reverse,"[""scene0119_04"",""scene0119_01""]",100,100,True,True,0.0,True,0.6742283701896667,0.6742283701896667,0.0,True,b7684862875b75c7dddb5b6594a5487987401126b745294388e9e5b3f27d84f6,30d5561aac9a3bd9f406547c0f461bdec6236f8d89bc0da0d760965c5f70ebd5,cc0c80176e902b6ec521a6b7a36f2c9387cd74f9eb03befb0120779f19293687,f134f2d807dd37e78166f300bb1610280d80165751e9890a8f379dfe91589c7f,5fb797d7c365ed79ed7f7beadce81a4ce17edfbaed7394131b9498916f75bb0e,False,6a6d6380dda0d630b6ad94ab04b6c65f360837e3938a2da0d08e143c42f0fa8b,False
scene0119_00-scene0119_02-scene0119_03-scene0119_01-scene0119_04,280d8ebb-6cc6-2788-9153-98959a2da801,sha256_seed45,"[""scene0119_00"",""scene0119_03""]",100,100,True,True,0.0,True,0.5266203880310059,0.5266203880310059,0.0,True,ee3248fcffc340e1a6cbcb44c76eb225b77ffd4261f773698e792b596fcb1559,82947a582d8bb6f512ed0f7bcafa9d9aa96deb6f30964eb4e6b09230981a2432,6ebee1f43ee0f663a11f986c20693f9dbe0c18aaf19c3aae4659dac8e3b23a52,eb17c213ed6794363c3fa19e3234a965e2930cadb4dca73c8c5e905e871ac437,21ec01d9c6b1c77e6320dca74f9b8088f84925dea790f55216d8424181e8aa3f,False,deebc2a99da1d5a2e46bf43e06d958fe150fc4b15bbf40580c4dea060d61e566,False
scene0119_01-scene0119_04-scene0119_00-scene0119_02-scene0119_03,280d8ebb-6cc6-2788-9153-98959a2da801,canonical,"[""scene0119_01"",""scene0119_04""]",100,100,True,True,0.0,True,0.46652835607528687,0.46652835607528687,0.0,True,65b8db598205cc727109b5e3ab8edaa151d3038be6b6d0a24c9674cbfb367884,c4483a4dd58ff1d684fcd0b0a5e4ba7003c5e11799d1fec7dbf5d0cf34a8ac13,a43c85fb3a47760ce75c11fceee9d61e0a9160739796e28442396dbdac0ac838,664d7dfd9972d9f03d897c24ccada3bbd23505071f132aed3c16c4d8bd5bdf11,f5358c281877f9b1a9c045a980d2ba7ade3f856a2f72e4087c781e02f46163b5,False,b1e4c67789c05bd4eff5625334d5b1645b5fe8b3bb2fa89757c7cd973e5c42ee,False
scene0119_01-scene0119_04-scene0119_00-scene0119_02-scene0119_03,280d8ebb-6cc6-2788-9153-98959a2da801,reverse,"[""scene0119_03"",""scene0119_02""]",100,100,True,True,0.0,True,0.6239712238311768,0.6239712238311768,0.0,True,daf25a1ed0c14953103075cdd5b7fe4d403ffe7b985e049a6735d14018630815,0a47eb6c135d901ae7fef8e2e54b784b3379f565e4cd22bb0018bbe4a3716ac1,b444e6305f7294d3afeba4e1a501f43acefd54e25280345b89f9e7e370812d55,2a3ee9a2b1553551f2cbf5899fe0093ca627eab5deecd4ee6d786fb0244ff3cd,f85f25c49fa92f0c7761ea1c681b85e8e0da09d7fedd648f7998c9fd65e34e25,False,c4c56d39dec4286c7fbbf75cbcf477efdeca999a90958b3dbdac25d77e843048,False
scene0119_01-scene0119_04-scene0119_00-scene0119_02-scene0119_03,280d8ebb-6cc6-2788-9153-98959a2da801,sha256_seed45,"[""scene0119_00"",""scene0119_03""]",100,100,True,True,0.0,True,0.5266203880310059,0.5266203880310059,0.0,True,ee3248fcffc340e1a6cbcb44c76eb225b77ffd4261f773698e792b596fcb1559,3c8140df958efdc9426a6f54fcd61047a85f0ccd3194ee201495a82c4bb89ab7,fd8bd802a21869c6c37082b7c2acb3edc80f172dbe03eb7e742fd06cd9f26640,8199d51a686674ccd6cab2cf1096c3a6addf99883687acada03ed8bbe853f77d,540eefebb47283ee5cafd13b95dc7b65d2f8a63d23b721d75c14680bd4cd475d,False,6f567c27e08ccee0e03ef641e2efb477a54392fd30e1de39ebe727e85855ae88,False
scene0119_02-scene0119_03-scene0119_01-scene0119_04-scene0119_00,280d8ebb-6cc6-2788-9153-98959a2da801,canonical,"[""scene0119_02"",""scene0119_03""]",100,100,True,True,0.0,True,0.5868055820465088,0.5868055820465088,0.0,True,6b24a469b959978235a7c20e1aecec6e948e0b1b1f3429ec33c2f25172e3dbf7,8dfe756409102694af8015a8e9d55516f42939ef8d39f90191a9fa10a9abcdde,ac4c635369b9e451966471549f6d58bc0239af0075cdd01666731d1bbd7863bd,e959d92594181a1ad0e7ffe723234d42d23d3af5b8e13a88f4afa0c5fd886ea7,8a6ba4475fb92d22aa8bf037a139576e52c3048c6239772f7187d174186fad78,False,e9fff1a680ebbc4ec9788cf205af253715738609d2c845f9675e44417a9c1cd3,False
scene0119_02-scene0119_03-scene0119_01-scene0119_04-scene0119_00,280d8ebb-6cc6-2788-9153-98959a2da801,reverse,"[""scene0119_00"",""scene0119_04""]",100,100,True,True,0.0,True,0.5271164178848267,0.5271164178848267,0.0,True,2e4830787f2fdfba1a345db6d98ce8b808876e03826322bb4fedf8f4faad709e,c797e8f7d7477bd5b293b3cf2bac15dd9e289db907e585c128e3471addea534b,c7d564eb0ff91ed43193b333698ca88d002ca59bac92c0053077218eb7ec1ed5,1cb228615d63d3eb66c2669365125f26aca9d8d9f14c6e70a1ccc83e12e8c32f,7ace37690dc019b0b19c155560376fc7dfb20d3391b57c04f3043fadb7c48046,False,6be15e8e8240ae63c87cca2a7eb3445bc233620e8998b62d6a30f6d883a6348d,False
scene0119_02-scene0119_03-scene0119_01-scene0119_04-scene0119_00,280d8ebb-6cc6-2788-9153-98959a2da801,sha256_seed45,"[""scene0119_00"",""scene0119_03""]",100,100,True,True,0.0,True,0.5266203880310059,0.5266203880310059,0.0,True,ee3248fcffc340e1a6cbcb44c76eb225b77ffd4261f773698e792b596fcb1559,d2f020e657351d6119e087c03fb43b00e409e519008742a981be8efe717a8ab2,4472ad17a310bca31253dcccaf5d05a69e894cb0559d6ef2cd20492d782526ad,926598b10f4cc5ca109ac5a85d68d072a423764e0dc23fb8ed9a44f3fef1c3c1,c6fa447494fca60013dc68a5ab91f77ecd714a0d1441c0e14051ec6fbf5c345b,False,063e69729be9ce35f49822c568238c74f237b472263865deaa68c4489f2963fd,False
scene0119_03-scene0119_01-scene0119_04-scene0119_00-scene0119_02,280d8ebb-6cc6-2788-9153-98959a2da801,canonical,"[""scene0119_03"",""scene0119_01""]",100,100,True,True,0.0,True,0.7399691343307495,0.7399691343307495,0.0,True,2819ecfdbd6bf3c243131ad1d73435c05ed3bfdb8a371f9ba1639a1e939924d0,5c08b56b6ee958c422b4deb611785cff1961843a8fa058f091262e6b1ebb8096,a1148ae29d26fd3feb4785105bae02b07b78a8a643e4da9301ee721a7324f279,6ff4837fcb20a5e23ae074fabb6ee9f8b16b98e539bb067bce999e859df6b89d,322d8aa08230f9be045f2a36e281522c2be48a8a969a587827967407c8dd5589,False,cd9f7311fa5e1ab7c94cf4fa32808ab013ae3a483104b2a0a90b6b707644d232,False
scene0119_03-scene0119_01-scene0119_04-scene0119_00-scene0119_02,280d8ebb-6cc6-2788-9153-98959a2da801,reverse,"[""scene0119_02"",""scene0119_00""]",100,100,True,True,0.0,True,0.36770832538604736,0.36770832538604736,0.0,True,82f8d5fd95f23c20a9bc7826a78284fc196ad316edb2fe7ba0bbeafe6219f4e7,37e7c072d4ca94d8724ece573597eac25210bf4f5ef6e42903126399a2b6a9b2,e861dac5705ccb06b9684efa99d321b027460eac2f5736e0d46f64ad8813b43f,ed83ba77af5f399b6a3f5dfe7fcd3ff6c3ae73879612d3a45ad082fded753ecc,a80b08e9d3b6c309a64614e0112e46cb881c012fdf5567e911ca17801ce52fb1,False,976c359d44329af05f714f034d7ad34b967658a8e312ed84131e7c75d6f28f36,False
scene0119_03-scene0119_01-scene0119_04-scene0119_00-scene0119_02,280d8ebb-6cc6-2788-9153-98959a2da801,sha256_seed45,"[""scene0119_00"",""scene0119_03""]",100,100,True,True,0.0,True,0.5266203880310059,0.5266203880310059,0.0,True,ee3248fcffc340e1a6cbcb44c76eb225b77ffd4261f773698e792b596fcb1559,cfe60a7edbc3eae8a306e3efadfea0bd156f08f253e9ed3fdf14c8e35f46b907,9bcfcbf61886edccd29f860fbae52ffa6ba71dadb57fd14c27c6a07e08d2eb2b,74890b1b5d71b9071da5d6de776419056f327e93eefaf7f2cad46d504363a3c1,945f3532fd13bb9a62e93f1c485ecd4ddeaf9a14f40f83626562823b11e0e530,False,b49031a4df8401accfbe648713ea8784cdb1727de1fc0a1de61159e34aef6de2,False
scene0119_04-scene0119_00-scene0119_02-scene0119_03-scene0119_01,280d8ebb-6cc6-2788-9153-98959a2da801,canonical,"[""scene0119_04"",""scene0119_00""]",100,100,True,True,0.0,True,0.47962963581085205,0.47962963581085205,0.0,True,7c941e8eb3e3d64a01434e3c8dad9ced20774f6e268e1266c57d4e16b47b5097,c3f9283bbdee2c0ebdc303d649f3f19d3290cb442eac887b945d49f90841a0ac,d644c9ec23f543cfec193de1c34b9a391d80dbe297f52be82d380ed27afef52e,15a76caac7a7cee6e65890d06857ea1aa5b9bf1a7bf91caedaf276a3a25eb2fe,db43d738b008331a45c139a8b1c20f5e0c940fe3e809ae8d87de85f5a83bafe1,False,2b18e6d10607d155050986a66547761f3ea51d5f4cfbd8432222759f3c6c90a2,False
scene0119_04-scene0119_00-scene0119_02-scene0119_03-scene0119_01,280d8ebb-6cc6-2788-9153-98959a2da801,reverse,"[""scene0119_01"",""scene0119_03""]",100,100,True,True,0.0,True,0.6408179402351379,0.6408179402351379,0.0,True,b481acb315a2b0db40285fa1d739a2cb2b702fda3af89610877b14b2c74e2b7b,d1f185870c5308f9f36fe89b4f5cccfed6986914dfc4ad887d7bf6c7b177b2bf,8755c7b7b14f5fdc94092946fe8a90558eaff52c4ce4a670fbd4b4cc33ece073,7677d5760136ea62801ca4a4ae4800c7795e7ee68712985f403a5ade7a36b091,98ba9e575e9d79d4d6794fe3019d52da25f6194c8ef9fdf49437acdc4b2e465f,False,c9f0d0e8c3a93cfa424e313a5f6b62eadc73936722594e4fa706851c8ed1b620,False
scene0119_04-scene0119_00-scene0119_02-scene0119_03-scene0119_01,280d8ebb-6cc6-2788-9153-98959a2da801,sha256_seed45,"[""scene0119_00"",""scene0119_03""]",100,100,True,True,0.0,True,0.5266203880310059,0.5266203880310059,0.0,True,ee3248fcffc340e1a6cbcb44c76eb225b77ffd4261f773698e792b596fcb1559,7e34ed3e4bd670e9f417c86860aa213ab98dceac8a8961fbcc89341ef269203e,90073905ba75b47625b768f018f138ce1c1f4a6882caa2aee2bb20bb08c9aa03,1e44b4c6a38648640553c60a49042e53e5147c0fd1c0e42d646d63df097eb7c9,5288753d170ad91adb25951cc75345e346896bd476326b85d14f347be4de8936,False,9b96dcca4ccfa4e6b36970d2690c377a280d174eda2a356be43d9ed6edd408dc,False
scene0219_00-scene0219_03-scene0219_02-scene0219_01-scene0219_04,5630cfcf-12bf-2860-8784-83d28a611a83,canonical,"[""scene0219_00"",""scene0219_03""]",100,100,True,True,0.0,True,0.4969135820865631,0.4969135820865631,0.0,True,9e42eae12c8f2e8bc4782468cf76ca156e9949101ef918659c7506a2e7e5c398,26510923bd9ae5a90dae53a2bb274ef49ee679d038fafd9eddd064002cccae9e,260dbc353f4867f852b1aa8fad0356c0607d7846fa7980dd1bc5b6656658e23c,313b03a5e52a230fd8e935922bbf4d9c47221cdcaad536b7480a041ebca931ff,9c83504200906046b4bb93cc9e57f4801cd4b24a100dc47a310491f2bad505e7,False,bd81cbcd330415d996121a7bc9398aab7ce6eda35a05fea1b567edaf9532e46e,False
scene0219_00-scene0219_03-scene0219_02-scene0219_01-scene0219_04,5630cfcf-12bf-2860-8784-83d28a611a83,reverse,"[""scene0219_04"",""scene0219_01""]",100,100,True,True,0.0,True,0.2046130746603012,0.2046130746603012,0.0,True,89dfa4e64c1f1c2fdb7c008a2d5f0ee547c0af30bd9a10748eda4c12cd4ee800,5f3749c6e8a4b878a2d2a4de297f7eba83b358f5bc86a750dced06924dc77620,6a8cf44a3a3bbc441e2dd592b733bc69478e4aa99c9de4986e4d1c438aa74c80,fd356f11317649d61ec2972f4ccce45fb6ab99f02fa73fb8d71724ce2546b4d6,2b1b70d14a60e9d713aa95ee21ad946e1c73b40422d798fed7a22b04fdf67669,False,e74c238dca07d5fa375244af07af7afbdb603e78e507f2c867e1a1704d038f34,False
scene0219_00-scene0219_03-scene0219_02-scene0219_01-scene0219_04,5630cfcf-12bf-2860-8784-83d28a611a83,sha256_seed45,"[""scene0219_04"",""scene0219_00""]",100,100,True,True,0.0,True,0.5469135642051697,0.5469135642051697,0.0,True,2396e9795879825294e8740e908eb717ddea68a67d36c342e8343aa50a0930b0,2e3c9eea13343e0a2fc36252b8177595b6f39c734c2e567aa963b36547bc3180,4da93aa6362dbf758d1835488e944f2c18f44cfbb3400121362ac7d0d4c3d10a,16c46c66a4ce9f6e7887512b3c69d8dd8a12acfb38719218478892055360e0c5,826b81204d62e78e060c8daae87ed1242598b2d1374f88e0f53f0cc597ae8f36,False,05a135554ac79bbb5155d5649010da25c993b53014599f21ff23723d8f07e80f,False
scene0219_01-scene0219_04-scene0219_00-scene0219_03-scene0219_02,5630cfcf-12bf-2860-8784-83d28a611a83,canonical,"[""scene0219_01"",""scene0219_04""]",100,100,True,True,0.0,True,0.5138888955116272,0.5138888955116272,0.0,True,737314d0bd3dd5ddc5f8c52585791c6b77ab22b9b0c8a9e8895d7703ceea7a80,8628c4e5acec67f646912abaa78a2a31ba1d6baf194518588d06e6a8aa25b3d6,c857c7cf8821dbf0ab698c4e7c8b9e9a9d1ff928b30f8e52dcf6723d56a8c97c,cb634dc0ef315406aa8a818e68cd651426bc97bf73b95ca7597b391a52855b95,db043aa1e61d04ee6bfee24c232c6ebe0cf947fa12c87a5982c395f9fc4d1431,False,62f54ef3574b5fe22476af1be0ec6165c9c2e19d64af1a52409fcff478787183,False
scene0219_01-scene0219_04-scene0219_00-scene0219_03-scene0219_02,5630cfcf-12bf-2860-8784-83d28a611a83,reverse,"[""scene0219_02"",""scene0219_03""]",100,100,True,True,0.0,True,0.506172776222229,0.506172776222229,0.0,True,3d674d9443016473787217e51bc0f2cb477863c8b7ff930ed5b2a0f9339484e0,83ce5a982cad92d2fa15949f09f9b43605950d38e2185aa48a08c91d1ae3367e,577aa68575821bbda69de3d808b3211529109ceb1a720d66ed787dfa495b7c48,2483e7320529686457803a9a229a5bc652bdf2a0ceb9e1958d74e977bd3136c3,b9d1e9d249527abc2f060f909a4c7b0757354340ca66bd03ee2052707b11bd39,False,b467f405691fd530d4f4c82dd0564cb6cc0bef5a6db65e91b694bfec8a62830e,False
scene0219_01-scene0219_04-scene0219_00-scene0219_03-scene0219_02,5630cfcf-12bf-2860-8784-83d28a611a83,sha256_seed45,"[""scene0219_04"",""scene0219_00""]",100,100,True,True,0.0,True,0.5469135642051697,0.5469135642051697,0.0,True,2396e9795879825294e8740e908eb717ddea68a67d36c342e8343aa50a0930b0,2f30d945564beace7593247871dfc77f79e39578f6a4ad4c4a877724d2bfce2f,21e2e8d244d6fa943735f5bad4f7c16e8e1eebabf7328c6d00a179f89b0413b7,2a8536a34845360ac5a74d40d6ce5422f2798352181d8647d961ef51cff24d9e,6f83f894fe25bb61925681b443f20bc4549fd2962071d12ecc07ed8328581a36,False,dde45c74fe9f0d8778af772936732e1fd8d6a9ad7ee5c333e677b56b4c9b5dab,False
scene0219_02-scene0219_01-scene0219_04-scene0219_00-scene0219_03,5630cfcf-12bf-2860-8784-83d28a611a83,canonical,"[""scene0219_02"",""scene0219_01""]",100,100,True,True,0.0,True,0.2725694477558136,0.2725694477558136,0.0,True,07e4d586e000ff295188b7c077bd89c5b4ffd9fa621f67e821a18c127a580433,a1a094e7bf93bbb93d5753ce5ba0f12ca02fdb4b8694380fb77e63c82b1cf958,e7a1c20ba2fdba43865402448f4bc5e571936303b767fcd83b7763a3aea023d5,6f08bd627f6642ae47f80da987e1cd0e0996cc731b7e510fa62bf715076234c1,599b349c7d0222cf4b9fae2ebd0158c476b28426a7774fd2eaa3812508bfa875,False,6eb40a773183dedda1b198a503e18a8c34050a1703bc6957ec73a7122b86e205,False
scene0219_02-scene0219_01-scene0219_04-scene0219_00-scene0219_03,5630cfcf-12bf-2860-8784-83d28a611a83,reverse,"[""scene0219_03"",""scene0219_00""]",100,100,True,True,0.0,True,0.638888955116272,0.638888955116272,0.0,True,926680666580d52d7e53b3605b25f1f3b0ab201d9c99ec7190325e5c0834df86,d1f69092dd563a5b39629e4066eed920d38b0b00a99b2b19d09e5e9134670609,13d492ffb314df85b7093e6ce05340cc03eca90196b9a5e86402ec27943dbdba,2d63dccab36acb2b6ab7c48feeac372831c9042bd5da4121dea527e66cab42f8,5afa2e64bef73d2be6e23a84cc2f7c1e7fdf480fbd1736cb9a195d05ce8fb0cf,False,8bb9207b2d90448e42155be6cd0bb85ba7c93ad037354127af6c7635b73d4aa1,False
scene0219_02-scene0219_01-scene0219_04-scene0219_00-scene0219_03,5630cfcf-12bf-2860-8784-83d28a611a83,sha256_seed45,"[""scene0219_04"",""scene0219_00""]",100,100,True,True,0.0,True,0.5469135642051697,0.5469135642051697,0.0,True,2396e9795879825294e8740e908eb717ddea68a67d36c342e8343aa50a0930b0,0d9753239db8c05433adc10e2028e21a67f250fabcf5b0387cd916be585f0aaa,da03ec839bc52d62bc6a66fb8115df0705b6773235829055d4d7dfb77496fe28,b4861de7850ded2fdead23c56d020c087870f056490c3b252c73d75ee2f5df3d,52f7d3b154ce84cb1f4418e65e85b2640df9c34b3436f7d3c9e0efa46ef83016,False,256b1f127e4f99bee300929e27ee11db88ee26ab2c7e21c2250d1fc385336295,False
scene0219_03-scene0219_02-scene0219_01-scene0219_04-scene0219_00,5630cfcf-12bf-2860-8784-83d28a611a83,canonical,"[""scene0219_03"",""scene0219_02""]",100,100,True,True,0.0,True,0.4097222089767456,0.4097222089767456,0.0,True,a9c7e91a92697cfc0d6dec5a5f0c954c6d1450bde5a58369306f70b7355fc6b9,b25884d60db3eece11abba672f5ed006a985a7562bb410461e108e829a666963,08e1ab783371f6caa59d76aa81a9c3a471fc152fef2e1edab00fe34eb39efbec,8eded7bf3bb5b020154e3e32dfe78ef6c402db2eb7b9299e39e0a0a839c11029,2a8a72c8c99c4e8b1864e89d14ce9c688e3eea49c0a784f75f846f29b57c6166,False,16bf1580786b2381e9bb8d86bad00ae97618413bf26133c26828d4c673d3a341,False
scene0219_03-scene0219_02-scene0219_01-scene0219_04-scene0219_00,5630cfcf-12bf-2860-8784-83d28a611a83,reverse,"[""scene0219_00"",""scene0219_04""]",100,100,True,True,0.0,True,0.45679011940956116,0.45679011940956116,0.0,True,06f172ee68aa53b16cfca06d350ebf02cbbf2761813998e58f76acb7f07f35e4,bf58e1da12cb69bf25568c9782e902505f29d0942eb9731605f6c038080a36a4,ce7f7e2e5fe70c5bd3469552b4df9459e2c15d5aa7b42736bb3d083465f5209c,f2aec2c83c5d200b833356c8613d5ac37c8f663beb87b57223a19f5c140e934a,3a3f96c63afec6c660044b37e1c07238039b2a23a8c9cc39e5500a7e7241ba4f,False,8b6f9407d42233cb94ab154c5aad2389e3b36dc10ead2fda43acb83c5c071258,False
scene0219_03-scene0219_02-scene0219_01-scene0219_04-scene0219_00,5630cfcf-12bf-2860-8784-83d28a611a83,sha256_seed45,"[""scene0219_04"",""scene0219_00""]",100,100,True,True,0.0,True,0.5469135642051697,0.5469135642051697,0.0,True,2396e9795879825294e8740e908eb717ddea68a67d36c342e8343aa50a0930b0,2331aca085a5910af20e58bbadc297ecb4879d2cc6b93f9baf0dae615bfbb81d,72b241a549d51298bebc318d50c1d1c8f676f42e015924f8497e47021dc852c9,6612e3f532f95ada4fa840cfe66f83666c03fdf96bf47da042ad83c63f59c9f0,45360d5dce5d75114331efa75ba23563d184df2a602b3e3c4f798c93e08ad158,False,97cfbe1200e09f52258692765d646ed74be9428c034b6f36165cde2dbe25434a,False
scene0219_04-scene0219_00-scene0219_03-scene0219_02-scene0219_01,5630cfcf-12bf-2860-8784-83d28a611a83,canonical,"[""scene0219_04"",""scene0219_00""]",100,100,True,True,0.0,True,0.5469135642051697,0.5469135642051697,0.0,True,2396e9795879825294e8740e908eb717ddea68a67d36c342e8343aa50a0930b0,0d3912bea4689760536d2368e2bb2a5324cda2332c7fb60061bef6ee804ff2f1,38144958b63afb8705e0ea8573e49f1e1b311f541b4556e54a3deebce7ec368b,43141daf30a439cf265ecc3fbb3f440c9c00407154023a1bf3f2912939733b0d,0b2270d194f800ae67305092f543a790fe4444c27108e29d0126c08ebeaccc1a,False,6d09aab15e4dbd16018f65ffbb14406ba85a54dde8fdc85ce5eb601488dd51df,False
scene0219_04-scene0219_00-scene0219_03-scene0219_02-scene0219_01,5630cfcf-12bf-2860-8784-83d28a611a83,reverse,"[""scene0219_01"",""scene0219_02""]",100,100,True,True,0.0,True,0.4166666269302368,0.4166666269302368,0.0,True,6f60dfeb87c588838551ae4f5a9c2d2025d7b15d8777b7ca273b7c7c06d191ad,ede51603bf9abdbb0abaf34c1da34dd7a0f59bd78ae0a439d67b47a7314b0195,22faabaf898084e73d0b31403629516b1d39c1060be4f3cab29b9de873da3c85,c69d84b2dee40cf8869829902c89bcaacd0b870ff0400656cd26b84fa0828298,f23a363203b0384560682529a6fecbf8ce6a26168c007df40c3a7d1b4371a0f4,False,0f22f4c8242149a0346140ee109d1907c0bec535f4f73e4a968776a316284d6f,False
scene0219_04-scene0219_00-scene0219_03-scene0219_02-scene0219_01,5630cfcf-12bf-2860-8784-83d28a611a83,sha256_seed45,"[""scene0219_04"",""scene0219_00""]",100,100,True,True,0.0,True,0.5469135642051697,0.5469135642051697,0.0,True,2396e9795879825294e8740e908eb717ddea68a67d36c342e8343aa50a0930b0,ebc84655d96c299e26bd760bf21c7a60361c758e6b30ba173991a849c2380a4c,7a7262a942047d10a42bd2b7d33a4cba04625065909f9fb92ce2b0c8fc890ffe,3b7257e4812eeb71cafa2c00e07632b853edbb12c62638940d6673c328a55b8f,fb503604ad46aa5f6f6d0f180ff88a210e6319ed578e8c16c820185e191b737d,False,5d1eccd2c294005e1796645b2a4cb4079ef4bb87d72b43ef1ebe6cb687995327,False
scene0309_00-scene0309_02-scene0309_01-scene0309_04-scene0309_03,8eabc45f-5af7-2f32-8528-640861d2a135,canonical,"[""scene0309_00"",""scene0309_02""]",100,100,True,True,0.0,True,0.5866203308105469,0.5866203308105469,0.0,True,7e7717b22f0cf31509cd5fbd4673fc16e776542c3321653ead164ffa1659d8e7,6ac2e5d7b27849bc9fa4e3bef3df8b0a977d7f1ab4e4c7a998615de8e7a26690,df454a39ab2cb01aa517d067565d11e5a73d8f3f1f43da4c3e3240a920d5365c,66a51c545aea7325d51e356621c5530978d9da9c816ee2b2c0447b60c5aa4631,7404593e92f1cfc10e88e4cad77c51f26e14d347b6d114ca934eedc41b72c470,False,6422cc32748264ef9bca2290e42771a1454e60dc21b30032dea3b951d5d8e5f2,False
scene0309_00-scene0309_02-scene0309_01-scene0309_04-scene0309_03,8eabc45f-5af7-2f32-8528-640861d2a135,reverse,"[""scene0309_03"",""scene0309_04""]",100,100,True,True,0.0,True,0.5942592620849609,0.5942592620849609,0.0,True,de6d4d163de985262311ab3a903829c54dab684af03585a82bceefed5620194f,ea99c0ca25cc98d3d84c92a3e9437d0f997ee31ad7bd1ac4ee4f023335206b05,d352c943d1d6e5ae334b6bdb618568619b19370bed55cbbf491657012523a35c,d47255b715aaabf3a834fcf9a503caf87f7047470fd1829644e1e0517f795240,9046f8c8e2afd1ab8fe7cc9612b7b35f1216b6a255c03bfaca1408bd267889e0,False,f089865c2caeb7dcec89ac6eac386e703aec1a15f29c04d894385c73054d83bc,False
scene0309_00-scene0309_02-scene0309_01-scene0309_04-scene0309_03,8eabc45f-5af7-2f32-8528-640861d2a135,sha256_seed45,"[""scene0309_04"",""scene0309_03""]",100,100,True,True,0.0,True,0.4027777910232544,0.4027777910232544,0.0,True,649a4dd1fda9cd2feb12b6a8f8d14ef6a66cd87c43f88ca58c786b85aefaf12d,5d831bd32ccc9e214ea872576ce9316337f303c5319b62f7fd537de90bb59bf8,23db0df204ee4405afab2719ad5e677df7ebea8b0f9398566cf301c7304aae5d,d4d6af57891761030d207194be63b6df7ddd130bcb18cbb29ddc05f050c05db0,0f3d071674202224463466216d465546b5e95deabbee23bd8ddd6ba7c28e065f,False,a4a6677f5877bb31ff0d7fe5ef78fdac7b2dc3d0e8d1dcdff45df0dcc44b5da6,False
scene0309_01-scene0309_04-scene0309_03-scene0309_00-scene0309_02,8eabc45f-5af7-2f32-8528-640861d2a135,canonical,"[""scene0309_01"",""scene0309_04""]",100,100,True,True,0.0,True,0.5261766910552979,0.5261766910552979,0.0,True,b079d9949d3c66589b35c19dd7f25331fe5b8771dc106dba7bb569546c941aba,88832e5ad527b54e0b2c08ce7329e3397601ae6933e2d7378d206fa022301f41,9dfb474d85963743f2475404ef20d034bfab53f21b3b073632f3d290db17484b,c86cf42639028ed29aa1843411bd1102b6f70515999ea60e9bac94f7b6416765,63e888d5a6b22bece103c9210c8f10b8584dc67324f7757288473b788911ca01,False,1aa8f11ecab7da5daa2632e6a32c7d85ae758ad62a6fff6b09441a8d01e7d1f7,False
scene0309_01-scene0309_04-scene0309_03-scene0309_00-scene0309_02,8eabc45f-5af7-2f32-8528-640861d2a135,reverse,"[""scene0309_02"",""scene0309_00""]",100,100,True,True,0.0,True,0.5753968358039856,0.5753968358039856,0.0,True,5347a212484445ba68bfb0014b98daa51e60f5b6d74091bb6b78661b8fe5a799,f5698c31ca24e370c4a81831f05b4cafe296f444c4cff937df8e630be2b0ad2b,3c6822826d489886ce33a00ce848e0322b9f299035ac6a65cc03a36c136a6ad3,bee5126ac81ea855337f5e6e2f69ceb4779feb8688ad69f18cd1f039da257bb2,2d82559e0801d293c424732b361ce4f02d227e70650311cb87d24c498d865a73,False,960a33a22fab954770dc3054d74f98f85ec622978aaa859554ecd0619103e302,False
scene0309_01-scene0309_04-scene0309_03-scene0309_00-scene0309_02,8eabc45f-5af7-2f32-8528-640861d2a135,sha256_seed45,"[""scene0309_04"",""scene0309_03""]",100,100,True,True,0.0,True,0.4027777910232544,0.4027777910232544,0.0,True,649a4dd1fda9cd2feb12b6a8f8d14ef6a66cd87c43f88ca58c786b85aefaf12d,494cd0fe1ceac87bc8a39a8f667834a625f3e412f39f3e703ebd850cf8e7eed2,09220aeb2d51af4d8a7ee46fc1f81f052f6651c1d340482e787599801129fc53,1a97a3f8e533020b0dae4a97569740b61708e88b88f16cc915181d9dd3cc6dd1,c08457b33b6fdae6bd5fe5e64af4ab11a6606e4ebf3db0ffbf3a7bdc50597dbc,False,d505b64ec981927eacab0ca7106f1bcf701a55e5cbfb8a740fa11591c7fe0acd,False
scene0309_02-scene0309_01-scene0309_04-scene0309_03-scene0309_00,8eabc45f-5af7-2f32-8528-640861d2a135,canonical,"[""scene0309_02"",""scene0309_01""]",100,100,True,True,0.0,True,0.3361111283302307,0.3361111283302307,0.0,True,c6f98fa3aecf93a042fc00ed682f5f693cfc45ca9843fc12b45ff46185cbc644,7eecda7558a89467a9ae0e341fda240c13ad2f40083537950bcaea57a475fb4d,c5c23914258b537e0f67c65a852521f9bdd410e0ffadd110118275b62cd6f4c3,141ba624f0a6a00ed5af0ee98d76b8565772b7363dfc0cab340257673e4bd95e,857b18f75452b0988d121d0b2ee7de1fe9191631a8bad69306d0b6fe72957fa7,False,662f68455033e981d3906df9eaf8098db61c71bef7f2c8d3fd648582db8ecf1a,False
scene0309_02-scene0309_01-scene0309_04-scene0309_03-scene0309_00,8eabc45f-5af7-2f32-8528-640861d2a135,reverse,"[""scene0309_00"",""scene0309_03""]",100,100,True,True,0.0,True,0.4479166567325592,0.4479166567325592,0.0,True,e6b1b6267955fc10144536e7a67fba571d0e4cecfdc162fa3f29271c1d1f75d2,ace74a7ef58182346d531a19277c642faffcd24de36316c5af0fe2031f0057c2,b632e0da850282ce9ba4fcee2d5d39138a78c25aed5c7a949546e7082cb84e44,ad0ae855734534f735e3f8dbaff5192bec4af11910ae043e23a8641584d83f36,3f8991cae72909eb63688296ff2ce25f5313532f7ee61299cad95e4d8e4eff36,False,bbac353d3dca8658fabc9bb0cad570f0c5b539b033cc262824d3b8260ced4aa3,False
scene0309_02-scene0309_01-scene0309_04-scene0309_03-scene0309_00,8eabc45f-5af7-2f32-8528-640861d2a135,sha256_seed45,"[""scene0309_04"",""scene0309_03""]",100,100,True,True,0.0,True,0.4027777910232544,0.4027777910232544,0.0,True,649a4dd1fda9cd2feb12b6a8f8d14ef6a66cd87c43f88ca58c786b85aefaf12d,f2ace67a302bb2a34b36ce9740a5029a04451c674003153e9f7789c34e866183,c5929170422106adbbfb214a58395a1155e0339c634e3075091d5d5b1f02c5a4,2fb01cf64bb89a3f867af25eca51b84faf972d4ac43bdfaddc6b6081171f59e9,4912eb93df32a5dacfc1ec61ac1e8ba230045f2a23a493da9f1381772c98535a,False,f4e955c064d592539ceae67d3e9b0d22156b000b54e279665edd00e91134841e,False
scene0309_03-scene0309_00-scene0309_02-scene0309_01-scene0309_04,8eabc45f-5af7-2f32-8528-640861d2a135,canonical,"[""scene0309_03"",""scene0309_00""]",100,100,True,True,0.0,True,0.6517636775970459,0.6517636775970459,0.0,True,50e040e8fcd1a04636c93c6975e0d344df6e92ad9d675cfedf229b412f78c2f5,3a7f3a2fc48ffe5032ffff71c159a3bb3cf04980ac5750262c642199e8e876b7,4d6629a7e68bc25d75a857ef1d4a85918a7a16b5c3403a708c01a92efd97c490,25e9cf418794a0d847e785b07eafc1507356ec252742c2890a2f4e8fd51d7b24,1506dfa7924c1382b466557bfe3a04b6676efd99d179cc592e2471026559c20b,False,e3255812f19092d5101748a62cf1265f81d9d0ad1037a45ea5c1d9d2e633bcc4,False
scene0309_03-scene0309_00-scene0309_02-scene0309_01-scene0309_04,8eabc45f-5af7-2f32-8528-640861d2a135,reverse,"[""scene0309_04"",""scene0309_01""]",100,100,True,True,0.0,True,0.4592592418193817,0.4592592418193817,0.0,True,b145f631bca5a449c13ba68cc90cb6bf683be465f52661e163aecfb0f68e8335,8fcb6e4015046c2422800c722c6955a0f36626c305755e60c76e4b0d52f42023,0b852a8be5ecd0fe93f1aa0ec3c73c15dd73910cfe5ef01fa4b9a386a7ad9b2d,60bf67937badb2258bc1fa19378c33c26cb8e3a5d66ceb3a75b2d895c55292af,8b02e9347f83d69a872b9cd0c0eb970d6e2795031b8bdf167deeb80bf805ba34,False,0a276148421f2532f56379c346bcb9390c17b508a897020b5a0a885658efc5b1,False
scene0309_03-scene0309_00-scene0309_02-scene0309_01-scene0309_04,8eabc45f-5af7-2f32-8528-640861d2a135,sha256_seed45,"[""scene0309_04"",""scene0309_03""]",100,100,True,True,0.0,True,0.4027777910232544,0.4027777910232544,0.0,True,649a4dd1fda9cd2feb12b6a8f8d14ef6a66cd87c43f88ca58c786b85aefaf12d,846221ac40cbc057c184fa4e6eaac6bca436f85aee9bb2f8342ce119ffb6f44d,2cc7ba6b5c8ae43bf31b178504055dd06941fec1142837eb55c0b02448ff8699,ffcfbe2d4faf70803c5f14fce10aeec4946ad3505b95cf2bd61cc021fe4851b5,8e26138e2b30ae2a6a1dd526cf557b81b08d1afdc9a860005f602ae451e78be3,False,7e46d2a45a34535b9e317d3adf5510f2d677d0f5e09ffaa1c5d16e19f815af9e,False
scene0309_04-scene0309_03-scene0309_00-scene0309_02-scene0309_01,8eabc45f-5af7-2f32-8528-640861d2a135,canonical,"[""scene0309_04"",""scene0309_03""]",100,100,True,True,0.0,True,0.4027777910232544,0.4027777910232544,0.0,True,649a4dd1fda9cd2feb12b6a8f8d14ef6a66cd87c43f88ca58c786b85aefaf12d,599501fba938893f4e5123140a169a66751f74c933fe07eca78bd804658d2480,771f732f6552ec057a958a4d9a03396e48fe0cda980651fef1d7a299bcec6f3a,fef4f647ea70e45201ff201a3b143fcc843308714c5017789264a78f1bfeab5a,53f325809886ea83bee0d5780980df2948b1dd4fdc0718ec484102b2b4f2094f,False,576b49f4c1bbe8e4e8328d71ba7d0fd2f160df76d9d44481cfd3e25f48d036ed,False
scene0309_04-scene0309_03-scene0309_00-scene0309_02-scene0309_01,8eabc45f-5af7-2f32-8528-640861d2a135,reverse,"[""scene0309_01"",""scene0309_02""]",100,100,True,True,0.0,True,0.49397188425064087,0.49397188425064087,0.0,True,5ee882b57a74729beba825cc71663451deadbd77fe08e0f0b4e76b85d34b3b1e,9bcb56a02e247b7226b0b04273a9767b3e152a2bcaa46362746a7598f3c375e3,280a0ee7054c6641791e6193daa62c4025bfc151a5f03fcffb6acef737d5fb0e,8a6ee6b29df887cfa17545bb3e4f7adbabc69615e32a604a934f5ecb244dc13a,fe33738d0cd6f090b90b884802f66879883a4ac009f5461dde25e23fcb4ac3e2,False,e6f32d73dcf08d1d6426990eb66fa73057677672f910fabf884866c7d5516324,False
scene0309_04-scene0309_03-scene0309_00-scene0309_02-scene0309_01,8eabc45f-5af7-2f32-8528-640861d2a135,sha256_seed45,"[""scene0309_04"",""scene0309_03""]",100,100,True,True,0.0,True,0.4027777910232544,0.4027777910232544,0.0,True,649a4dd1fda9cd2feb12b6a8f8d14ef6a66cd87c43f88ca58c786b85aefaf12d,081816b94e621d2f1c8a48ca3031851ee1254f6038fe4954e8852dc013af8235,bf43fbd9f2ece50e9106f3c700c3da589236c98823e33c12dbb941cc8021a9d5,0f57d497972895d17717857e4db1adc903cae9b6b71d692e6ffb1856556bdd5b,6aad3ae08185cd311fa846a945ddc5597a3db562e1006086f9a013f6f044ad05,False,84586895c8259294a51332388ddd385d533af783c68051f182f30051c7e707e2,False
scene0449_00-scene0449_04-scene0449_05-scene0449_03-scene0449_01,ddc73797-765b-241a-9e2c-097c5989baf6,canonical,"[""scene0449_00"",""scene0449_04""]",100,100,True,True,0.0,True,0.5776968002319336,0.5776968002319336,0.0,True,4af36f428e76d29da17f5e0cc27d63af0e1ac934978f01a10dded0ad029389aa,011e2e8c027b2a2ec25dfc9cbc1eb8cb0e64eb9feeaa17e8a2a8bb949ca41745,3e094d2bbc05592ef611c09feef7c75b1772c6d292033f1528becab719337960,7cc065cdbe3c446728d0511e0bae0c845b3930cfb05a48854c0d32c729e69815,c0e20776eec35b150fc5597f2e48029730cabcefd179987b0831c9feea304503,False,0c4e428830740b914b76958a90ecfbd202fc1b99b440cfa31709f859d3fc8f71,False
scene0449_00-scene0449_04-scene0449_05-scene0449_03-scene0449_01,ddc73797-765b-241a-9e2c-097c5989baf6,reverse,"[""scene0449_01"",""scene0449_03""]",100,100,True,True,0.0,True,0.49382713437080383,0.49382713437080383,0.0,True,2c3a3547b294ade77a14ddff5e0db79d3225054fbfeeaf2db31d52cbdf4ecc96,b0e1fdd81aee598dd130d986836f1158e8a8fb653d6917b6e6c9955595a9ca5a,58156d3bef527d02c485517e6a97cc2f685ca700b306a29f482516cee74d3f9c,23fd9c1f578867a95833dbc803ab0077edbcb5182392c14df4579669a57cefa4,c9224be6f2efb73db031827dcbe601092da02326735956c9509236a600d188a4,False,cdd2d5af77f6ea723f24e257c2545ff2d4eaa3473cc4cff556fa89f520bd1d05,False
scene0449_00-scene0449_04-scene0449_05-scene0449_03-scene0449_01,ddc73797-765b-241a-9e2c-097c5989baf6,sha256_seed45,"[""scene0449_03"",""scene0449_01""]",100,100,True,True,0.0,True,0.04682539403438568,0.04682539403438568,0.0,True,3a52d4351cf5826f9bf4c0296de40e095de37015fa4b02915857a63ca064483d,b703bd599be5c025277afb1b37efb0d08b963e8cd15e7f702b0dd4ac0fe6e3cd,c51d2878ff2308976ac62cc5c35200fa1a9360f896316190434d35c9f24fc322,006471772ae09121b9cb84ac6b32390a517bc4de107261688765bfe398e809b9,0aa2f5eca665ed115df77604f1edc098974043d0b6e02c507c7cb2b8e3eb3b5c,False,43319470ba909d481d3b03528cb401b776624673a44c4828c9b9342460091e66,False
scene0449_01-scene0449_02-scene0449_00-scene0449_04-scene0449_05,ddc73797-765b-241a-9e2c-097c5989baf6,canonical,"[""scene0449_01"",""scene0449_02""]",100,100,True,True,0.0,True,0.2525550425052643,0.2525550425052643,0.0,True,8671e28e6b642c9289436c4a944b86feefeeb99599e04bbeb700e4d5f79bf190,5fe620a986b64f11a59636de4e0b82aa95176d9e363795ea90eb3b924e987a95,d563840123f461d8847e4f03a3af15be7d0e8fcf06ebca59fd5465c97aa486e9,b546ea426a4d5611ce5a5fef8cb0c39e710d704ee4bee49ec81df8879c329e71,32b73d5bc2ae1f2349534a4df705979ab9fb087bd55d0b24329a4c7f1218d833,False,3222b93b0dcdbf380c550e82199c68c59ba6d27ae8a0415ceff67e37890a75ae,False
scene0449_01-scene0449_02-scene0449_00-scene0449_04-scene0449_05,ddc73797-765b-241a-9e2c-097c5989baf6,reverse,"[""scene0449_05"",""scene0449_04""]",100,100,True,True,0.0,True,0.46497684717178345,0.46497684717178345,0.0,True,c7627a407da7428dd211a2f70f248a8b29cc678619189e12374719ffee0081c7,8773e24e7c1ed2f81c8dba51779c13ae7b63b2bbd475a0f6be08717d4d0ff665,4cf542315fb8f975099ca601a921543f9b95cd62294b8fb311064a7c10514dc5,b96d8d10484b0e12f6f47b1edd5744543daeb240ba12b12ad2be589334ca274c,bedd209d199d38c002a0984ccbd8645e883bb0ba119dc22cb572d4b5779535a5,False,3ff0e0dd37b23fd221f5b1fc91f935320e11978606d7e86218c64785d306faf4,False
scene0449_01-scene0449_02-scene0449_00-scene0449_04-scene0449_05,ddc73797-765b-241a-9e2c-097c5989baf6,sha256_seed45,"[""scene0449_01"",""scene0449_00""]",100,100,True,True,0.0,True,0.4452778100967407,0.4452778100967407,0.0,True,fff80370257c40b6e03cff36fb03c0cdd0778d692dd0c8da0bd8b982a096ccf7,d9cbb7d005ef7e82a3c2ebca2f88ef79602c95c37377ee22f3d86be95cd8253b,3a5deb8830a5182f77b76d5952af893f660be3f09ec4979ed29338f5bc5b625e,03694f78cc4c96c013569ee40212f5b72b2df01b9faf95fe38289cc21ca4e967,6f231dfe184a86426c778d3fde53431ddcbfcc6fe14f8418fe0b03f4906f6deb,False,5ac0f3f04e0c0a17c8539360624560b1e04bed2fd0794cbf0f9d5678c35cab53,False
scene0449_02-scene0449_00-scene0449_04-scene0449_05-scene0449_03,ddc73797-765b-241a-9e2c-097c5989baf6,canonical,"[""scene0449_02"",""scene0449_00""]",100,100,True,True,0.0,True,0.46430614590644836,0.46430614590644836,0.0,True,10c209d57f6bfe91476228d5d5cead7dcb71745d544c5259ba033befe41a889e,6f9073dd8eafc25a99cbc3494f83b38f4d7d69000fdd79b898bae72410b0256d,1c077f283706ce4780bf9c7c0b5521c0cc0edbeaaefd739c545dda3ae3ab20a1,7f1dadc734730f4f12f618bf5248b102cc4a163d2537d33c6a3012c9f238c596,e0a938c9841e2867fbb83b62daae6021566c10ee4828f1036d419ebdde90128a,False,24bb186040c322f84bec626dfffdb883cfc98573170c0739510a9a12ed3e964e,False
scene0449_02-scene0449_00-scene0449_04-scene0449_05-scene0449_03,ddc73797-765b-241a-9e2c-097c5989baf6,reverse,"[""scene0449_03"",""scene0449_05""]",100,100,True,True,0.0,True,0.3456045985221863,0.3456045985221863,0.0,True,5ef606007aefcd4ac9225b864672de7c4d51c9b6cceb4d24ab9721650732f714,74f6b0d9b920e8942f6aa208d85e24ed6128f6c42680f6ca6063b8acfca79887,41b3ba5e03b5a29e50e9914c20f7357460c4ebeb5a72a77c197d08959c4cd47b,7c910630b7da627e70272b12a9008a2a6038447dcdbbd6dea6e05a5fde3d2110,1f630678ae68a9cfc88ce722f7c403869c14629b660eb6c4b98e86fee99c3cc8,False,c59b0c2ebf92c1c047b55459d8e4d4a25eef501c6aea60e593b2f67d3f0360dd,False
scene0449_02-scene0449_00-scene0449_04-scene0449_05-scene0449_03,ddc73797-765b-241a-9e2c-097c5989baf6,sha256_seed45,"[""scene0449_03"",""scene0449_00""]",100,100,True,True,0.0,True,0.4479331970214844,0.4479331970214844,0.0,True,04d8eb773fcb9d4744fec513fd3c7183421279128e27696ab3cae5d5b0803c89,55d3ff080d829bf1d759f871c364926bd3449ee66aedfccc4afddb7f17bc6a52,db0f7bb1dc4fbfc4efbcc40a109e1c520dc54ee4167cc6409b058865ef4e06c8,d5a452ba030b90ceb3b6fc4fdaa6fe0802e9d7571b048224e693555391ed488d,321e098ce4702b65e963678bf26ec1af2b330a298e627a2b8ad24a8543bb9655,False,f4c74eeb3afbbd4e6909a0fa64c746076912f1d468cdb5f3f5e1a22ef13f6b55,False
scene0449_03-scene0449_01-scene0449_02-scene0449_00-scene0449_04,ddc73797-765b-241a-9e2c-097c5989baf6,canonical,"[""scene0449_03"",""scene0449_01""]",100,100,True,True,0.0,True,0.04682539403438568,0.04682539403438568,0.0,True,3a52d4351cf5826f9bf4c0296de40e095de37015fa4b02915857a63ca064483d,81f9be9f5395f1b9d1fb285e86ae841371f28502f0ec8d81eaae9e6c4d3cd4f3,c076668022fe9bfbdb73802aacc8e699942a6a9f160618fd44e75f7ca0028868,bf395aab2113398e81fd5ee851e79fe49e8ed482f0ec87a528bb1bd554269c2f,630ecebe3190748b690722e42300539e656f27501b037a83e1f9e2e7270de981,False,9b72d05c04175bc52fe8622562fb18758e631f7a3e0d1c7bce9fbce360939a89,False
scene0449_03-scene0449_01-scene0449_02-scene0449_00-scene0449_04,ddc73797-765b-241a-9e2c-097c5989baf6,reverse,"[""scene0449_04"",""scene0449_00""]",100,100,True,True,0.0,True,0.5429803133010864,0.5429803133010864,0.0,True,c1d4211d71278e6feb921be92df32559be9dd81a9917baa7cbb7660b7e147eec,b43fe06b20a010bddf284658bcf867830e84104d6b0ff45ae83e3f6fbe227cec,24848bf359e34c53f75c0c9816f372b214e75ddc1995ec5b772b61625b4967e2,230b7b5593a14eb010f730aabd0e02cef2ec42021e3cd948ea9f40aca6fc28f8,fb1bccb300aef9e4be5cbc9b0967611b47dd0d73af0e503bdf32631f24d33df9,False,b82aa0dd80554bf696265ae790bcd9ba5cbdc7185186918e0c00fa7ae41b879b,False
scene0449_03-scene0449_01-scene0449_02-scene0449_00-scene0449_04,ddc73797-765b-241a-9e2c-097c5989baf6,sha256_seed45,"[""scene0449_03"",""scene0449_01""]",100,100,True,True,0.0,True,0.04682539403438568,0.04682539403438568,0.0,True,3a52d4351cf5826f9bf4c0296de40e095de37015fa4b02915857a63ca064483d,459c6f5098925f8ed906caa558096ca047ea3c6db551aa23dbc5e338a3a3bb28,229480a650e6559f9cf80de9848134c178932b9d416d6b417e78ef5447fdfe51,3f7df67c1023ef7ea7ae9f6e4281b3a99516b644166031bc26c35587d3d1cac9,1bb57a64e19dcf17ce779feb5ce13394c68eadc8020c4a6577e7914df1417743,False,268fda0a53198abcc4ea8ffd3cdb19994ac04e470e4cfd77fb94e83c38f91dac,False
scene0449_04-scene0449_05-scene0449_03-scene0449_01-scene0449_02,ddc73797-765b-241a-9e2c-097c5989baf6,canonical,"[""scene0449_04"",""scene0449_05""]",100,100,True,True,0.0,True,0.36721643805503845,0.36721643805503845,0.0,True,a1740b8dd0b10b97234546866108b155852656627ba8bcb3d08a58c26a9e0f71,cb09f957a632f9b824fbd69375a977bbaf97bae627146ebbb5bd4fead5d6e653,e2db4c4bb726042eba1379625778ccac31ff102f36e9dbbd1f54ef3a8dc7018a,53356a89be7a3d5f95148ce53bc2971b728b648f4fc1d1b29fd5656f0263f27e,e3a87f8ffe6f0dd45d71ee0fab542bee92a74614faacf52b3a136897229576ac,False,2ffdeb669bd5e2bc1ccd734626fb6885d1af2d6ee9c321ca7b416d88cd535051,False
scene0449_04-scene0449_05-scene0449_03-scene0449_01-scene0449_02,ddc73797-765b-241a-9e2c-097c5989baf6,reverse,"[""scene0449_02"",""scene0449_01""]",100,100,True,True,0.0,True,0.0416666679084301,0.0416666679084301,0.0,True,e9e9566d115fe4cd58f49650bb968267f366b90eb51568793273bbe2d552a182,a6a7e6aeb0e8cc5c1775238c903d05b88b2083ae9cd881927e5b885ad8b60f3f,af0b370b564ad31083f7978b387e4f115e2881d694b553e957766ae88302cdcd,05d202a47d50aac00a71ff3718eb0249c6e9b9562c8e43750782c152ee46a1e8,5061a765843115e666e4f538704c6373aa003712f13ace189a764ef3130f7cbf,False,c595bcdaaa6ed9c487ebb302924f6e38acf3413b282916c255c791ea4a70cda4,False
scene0449_04-scene0449_05-scene0449_03-scene0449_01-scene0449_02,ddc73797-765b-241a-9e2c-097c5989baf6,sha256_seed45,"[""scene0449_03"",""scene0449_01""]",100,100,True,True,0.0,True,0.04682539403438568,0.04682539403438568,0.0,True,3a52d4351cf5826f9bf4c0296de40e095de37015fa4b02915857a63ca064483d,7bc8b5125112e88145439741a8e8716c8e0d53c7031131086d8647da04582865,baf8293a50a57fb99bee62e1a0de2e1abec9439df2258b08bb8ae109a3f9b992,a1d9beaa12742d4cd4262649a5ac47bea1781c638a26f53c212c3313e078e261,6c8935dac1634d4419293e95f50d751fe96448e788fd9fcc43d0ab8a0b890e6f,False,2a726009a5fb89b242c441758a010f5776311b9b081781c6014686c18d498657,False
scene0449_05-scene0449_03-scene0449_01-scene0449_02-scene0449_00,ddc73797-765b-241a-9e2c-097c5989baf6,canonical,"[""scene0449_05"",""scene0449_03""]",100,100,True,True,0.0,True,0.38040125370025635,0.38040125370025635,0.0,True,a62bf26d1424faf96672d141ec9ef0d9913641c0d3e0383a4c30df9a69fcb7bb,159c62a097d998fb5f06b0ed68da04ca5a3183a558912f2085081136847687e6,02db2eb14b2ba68553ea49fc5059b6efa23dedf29707d41cd12a27624f69c874,a596fdfcbbf01d2db5fe6fd6d52c142bd989cb100afa204b67b76e721912e8e7,2ed8bbe8da676d469735703617bfb728bfe6777052c91fa4bd463aff60ce143b,False,e89db6065f41566b7cd5d812bdc9d7f371f84826342fc32e219978573c273d8f,False
scene0449_05-scene0449_03-scene0449_01-scene0449_02-scene0449_00,ddc73797-765b-241a-9e2c-097c5989baf6,reverse,"[""scene0449_00"",""scene0449_02""]",100,100,True,True,0.0,True,0.44849538803100586,0.44849538803100586,0.0,True,002810f3f28ca1085b58d4f51927f35a63dab5e21a28a44c2d380bde1a7a1afa,9680060c0e3f7456990b660c04360c09ee1a28dd77cca57ce4301ad9873de343,e76dd6d0f767a00e175d1bc06a6a2709e4507831d3409f2221542d520c0884a0,08781d7a9f65824955c2cc279d866e65ddd330216f0f13ea2e6ed115ce4ca6b5,3ee88b8ea2c386b929017fb0d78168fe62cfcfbe7e6c5ca6e6c782004cb9e0b4,False,704348287772ed523fcfbf862207834f012b96b19c0b415faf872a6c3906e144,False
scene0449_05-scene0449_03-scene0449_01-scene0449_02-scene0449_00,ddc73797-765b-241a-9e2c-097c5989baf6,sha256_seed45,"[""scene0449_03"",""scene0449_01""]",100,100,True,True,0.0,True,0.04682539403438568,0.04682539403438568,0.0,True,3a52d4351cf5826f9bf4c0296de40e095de37015fa4b02915857a63ca064483d,bc930fddfe7a1eb94693bf59d52c441cccaf9c692b76f59f66596cc53893abcc,5efb871e552695aff463718b3bff23f07d735e0233a10a1696d69fa3b7c5f68a,71390bb2f0953be952347aeb279295046d2f78739554c1dc739a7a5817b02cd1,96e9e4193683aa722e32128f9be0ffd845323f1eb516b87cedbd34f78eccdadb,False,6a2cc92420d1d86b3a581ab449e3912dc7c3074a61ba7af36c5a373b9f55ae85,False
