rank,rank_offset,global_draw_position,mixed_dataset_index,dataset,child_index,sample_id
0,0,1547,424,rio,424,scene0181_00-scene0181_01
0,1,1073,2354,scannet,1180,scene0687_00
0,2,1752,2068,scannet,894,scene0503_00
0,3,19,591,rio,591,scene0244_02-scene0244_01
0,4,1691,1200,scannet,26,scene0013_00
0,5,933,1477,scannet,303,scene0162_00
0,6,611,845,rio,845,scene0345_01-scene0345_00
0,7,586,1871,scannet,697,scene0390_00
0,8,1241,2161,scannet,987,scene0556_00
0,9,570,557,rio,557,scene0228_06-scene0228_00
0,10,254,804,rio,804,scene0331_01-scene0331_02
0,11,1801,2110,scannet,936,scene0525_00
0,12,834,1421,scannet,247,scene0130_00
0,13,298,1137,rio,1137,scene0465_00-scene0465_02
0,14,10,973,rio,973,scene0403_04-scene0403_05
0,15,1004,1118,rio,1118,scene0455_01-scene0455_00
0,16,1406,1383,scannet,209,scene0112_01
0,17,1616,979,rio,979,scene0404_03-scene0404_01
0,18,1482,406,rio,406,scene0175_04-scene0175_02
0,19,953,881,rio,881,scene0362_00-scene0362_01
0,20,908,1897,scannet,723,scene0403_00
0,21,2111,718,rio,718,scene0296_00-scene0296_01
0,22,1313,136,rio,136,scene0061_00-scene0061_02
0,23,256,1556,scannet,382,scene0209_00
0,24,539,1866,scannet,692,scene0387_00
0,25,2036,1283,scannet,109,scene0059_00
0,26,745,2295,scannet,1121,scene0640_01
0,27,1619,1332,scannet,158,scene0087_02
0,28,1887,2067,scannet,893,scene0502_02
0,29,1190,449,rio,449,scene0188_02-scene0188_01
0,30,1520,1159,rio,1159,scene0473_01-scene0473_03
0,31,794,983,rio,983,scene0406_01-scene0406_00
0,32,2096,429,rio,429,scene0183_01-scene0183_00
0,33,1543,1386,scannet,212,scene0113_01
0,34,1926,2198,scannet,1024,scene0582_01
0,35,1093,1457,scannet,283,scene0152_01
0,36,1368,1098,rio,1098,scene0446_01-scene0446_00
0,37,519,553,rio,553,scene0228_02-scene0228_06
0,38,238,1396,scannet,222,scene0117_00
0,39,279,1034,rio,1034,scene0425_01-scene0425_00
0,40,1334,787,rio,787,scene0325_01-scene0325_00
0,41,375,76,rio,76,scene0031_01-scene0031_00
0,42,1704,750,rio,750,scene0311_00-scene0311_01
0,43,33,234,rio,234,scene0098_02-scene0098_00
0,44,1395,1902,scannet,728,scene0405_00
0,45,1454,1496,scannet,322,scene0172_01
0,46,1151,1848,scannet,674,scene0376_00
0,47,2005,1582,scannet,408,scene0223_01
0,48,1745,175,rio,175,scene0075_00-scene0075_01
0,49,47,1610,scannet,436,scene0240_00
0,50,1743,1592,scannet,418,scene0229_02
0,51,111,1613,scannet,439,scene0241_02
0,52,363,1010,rio,1010,scene0421_00-scene0421_02
0,53,332,1303,scannet,129,scene0070_00
0,54,2003,1447,scannet,273,scene0145_00
0,55,886,1649,scannet,475,scene0263_01
0,56,985,2153,scannet,979,scene0547_02
0,57,367,1579,scannet,405,scene0220_01
0,58,900,303,rio,303,scene0128_01-scene0128_00
0,59,1354,816,rio,816,scene0336_01-scene0336_00
0,60,1279,177,rio,177,scene0076_00-scene0076_02
0,61,1496,1314,scannet,140,scene0074_02
0,62,664,357,rio,357,scene0158_01-scene0158_04
0,63,1333,1658,scannet,484,scene0267_00
0,64,1068,129,rio,129,scene0056_01-scene0056_00
0,65,554,120,rio,120,scene0052_00-scene0052_01
0,66,959,508,rio,508,scene0212_02-scene0212_00
0,67,924,786,rio,786,scene0325_00-scene0325_02
0,68,559,343,rio,343,scene0152_00-scene0152_01
0,69,1837,481,rio,481,scene0198_03-scene0198_04
0,70,155,823,rio,823,scene0338_01-scene0338_00
0,71,743,121,rio,121,scene0052_01-scene0052_00
0,72,1846,2122,scannet,948,scene0532_00
0,73,714,2038,scannet,864,scene0481_01
0,74,1507,647,rio,647,scene0267_01-scene0267_00
0,75,1603,415,rio,415,scene0176_05-scene0176_03
0,76,1717,185,rio,185,scene0078_02-scene0078_00
0,77,1964,1096,rio,1096,scene0445_01-scene0445_00
0,78,1435,433,rio,433,scene0184_01-scene0184_00
0,79,1325,434,rio,434,scene0185_00-scene0185_01
0,80,1038,1942,scannet,768,scene0428_00
0,81,149,872,rio,872,scene0357_01-scene0357_00
0,82,1459,665,rio,665,scene0276_00-scene0276_03
0,83,547,511,rio,511,scene0214_00-scene0214_01
0,84,1731,950,rio,950,scene0394_02-scene0394_03
0,85,452,56,rio,56,scene0022_00-scene0022_01
0,86,1802,721,rio,721,scene0297_00-scene0297_01
0,87,521,2213,scannet,1039,scene0588_01
0,88,52,1901,scannet,727,scene0404_02
0,89,1199,769,rio,769,scene0317_00-scene0317_01
0,90,310,397,rio,397,scene0174_02-scene0174_00
0,91,168,234,rio,234,scene0098_02-scene0098_00
0,92,1025,1339,scannet,165,scene0092_01
0,93,228,1857,scannet,683,scene0381_02
0,94,1062,2305,scannet,1131,scene0649_00
0,95,1957,733,rio,733,scene0303_02-scene0303_00
0,96,1660,214,rio,214,scene0091_01-scene0091_00
0,97,356,2006,scannet,832,scene0468_00
0,98,24,356,rio,356,scene0158_00-scene0158_02
0,99,170,64,rio,64,scene0025_01-scene0025_00
0,100,1938,404,rio,404,scene0175_02-scene0175_05
0,101,321,1150,rio,1150,scene0471_01-scene0471_00
0,102,1303,1502,scannet,328,scene0175_00
0,103,876,1213,scannet,39,scene0021_00
0,104,1031,1122,rio,1122,scene0457_01-scene0457_00
0,105,1759,742,rio,742,scene0306_02-scene0306_03
0,106,314,1466,scannet,292,scene0158_01
0,107,1192,1889,scannet,715,scene0398_00
0,108,1830,1734,scannet,560,scene0306_00
0,109,1630,1196,scannet,22,scene0010_01
0,110,1797,1514,scannet,340,scene0182_00
0,111,378,1572,scannet,398,scene0215_00
0,112,401,30,rio,30,scene0008_02-scene0008_04
0,113,1330,145,rio,145,scene0064_00-scene0064_01
0,114,249,556,rio,556,scene0228_05-scene0228_03
0,115,1570,101,rio,101,scene0043_00-scene0043_01
0,116,1499,769,rio,769,scene0317_00-scene0317_01
0,117,965,1381,scannet,207,scene0111_02
0,118,260,138,rio,138,scene0061_02-scene0061_01
0,119,353,1468,scannet,294,scene0159_00
0,120,50,1654,scannet,480,scene0265_01
0,121,1503,1241,scannet,67,scene0037_00
0,122,868,1464,scannet,290,scene0157_01
0,123,2053,897,rio,897,scene0366_01-scene0366_04
0,124,1276,1445,scannet,271,scene0143_01
0,125,932,1929,scannet,755,scene0419_02
0,126,887,139,rio,139,scene0062_00-scene0062_02
0,127,354,1836,scannet,662,scene0370_00
0,128,1720,1557,scannet,383,scene0209_01
0,129,1138,1479,scannet,305,scene0163_01
0,130,309,377,rio,377,scene0166_02-scene0166_01
0,131,606,1421,scannet,247,scene0130_00
0,132,1889,2187,scannet,1013,scene0576_00
0,133,1299,73,rio,73,scene0028_01-scene0028_02
0,134,952,2020,scannet,846,scene0473_00
0,135,982,1886,scannet,712,scene0396_02
0,136,1394,942,rio,942,scene0391_00-scene0391_01
0,137,1099,1647,scannet,473,scene0262_01
0,138,1789,712,rio,712,scene0294_02-scene0294_01
0,139,762,1341,scannet,167,scene0092_03
0,140,652,854,rio,854,scene0352_00-scene0352_01
0,141,841,1884,scannet,710,scene0396_00
0,142,2082,2327,scannet,1153,scene0668_00
0,143,967,1851,scannet,677,scene0379_00
0,144,1597,319,rio,319,scene0138_00-scene0138_02
0,145,849,825,rio,825,scene0341_00-scene0341_01
0,146,977,1831,scannet,657,scene0368_00
0,147,165,2024,scannet,850,scene0475_02
0,148,881,1651,scannet,477,scene0264_01
0,149,110,448,rio,448,scene0188_01-scene0188_03
0,150,1816,1042,rio,1042,scene0426_06-scene0426_07
0,151,629,565,rio,565,scene0234_01-scene0234_02
0,152,1727,2355,scannet,1181,scene0688_00
0,153,562,1450,scannet,276,scene0148_00
0,154,478,2297,scannet,1123,scene0641_00
0,155,1198,1279,scannet,105,scene0057_00
0,156,1675,754,rio,754,scene0312_02-scene0312_03
0,157,1511,2329,scannet,1155,scene0669_01
0,158,1106,204,rio,204,scene0085_02-scene0085_00
0,159,1923,180,rio,180,scene0077_00-scene0077_02
0,160,1536,1903,scannet,729,scene0407_00
0,161,1003,2287,scannet,1113,scene0632_00
0,162,450,49,rio,49,scene0017_00-scene0017_01
0,163,1936,1712,scannet,538,scene0294_01
0,164,899,1984,scannet,810,scene0452_01
0,165,433,833,rio,833,scene0343_01-scene0343_00
0,166,1447,1359,scannet,185,scene0101_04
0,167,1538,618,rio,618,scene0255_01-scene0255_00
0,168,1289,1045,rio,1045,scene0427_01-scene0427_04
0,169,1239,1895,scannet,721,scene0401_00
0,170,1461,51,rio,51,scene0017_02-scene0017_00
0,171,461,1308,scannet,134,scene0073_00
0,172,728,49,rio,49,scene0017_00-scene0017_01
0,173,847,1110,rio,1110,scene0453_00-scene0453_01
0,174,512,2284,scannet,1110,scene0631_00
0,175,1725,1113,rio,1113,scene0454_01-scene0454_02
0,176,1685,1094,rio,1094,scene0444_04-scene0444_02
0,177,1504,400,rio,400,scene0174_05-scene0174_02
0,178,8,987,rio,987,scene0407_02-scene0407_00
0,179,1273,2202,scannet,1028,scene0584_02
0,180,786,2068,scannet,894,scene0503_00
0,181,1086,471,rio,471,scene0197_00-scene0197_04
0,182,1726,1859,scannet,685,scene0383_01
0,183,386,841,rio,841,scene0344_01-scene0344_02
0,184,548,1131,rio,1131,scene0463_00-scene0463_01
0,185,1028,980,rio,980,scene0405_00-scene0405_01
0,186,1775,878,rio,878,scene0361_02-scene0361_01
0,187,1874,499,rio,499,scene0206_01-scene0206_00
0,188,1200,551,rio,551,scene0228_00-scene0228_04
0,189,2074,1931,scannet,757,scene0420_01
0,190,618,2354,scannet,1180,scene0687_00
0,191,1217,1569,scannet,395,scene0214_00
0,192,731,1804,scannet,630,scene0350_01
0,193,833,131,rio,131,scene0057_01-scene0057_02
0,194,805,2223,scannet,1049,scene0594_00
0,195,1996,2051,scannet,877,scene0491_00
0,196,1007,2305,scannet,1131,scene0649_00
0,197,1089,720,rio,720,scene0296_02-scene0296_00
0,198,1191,2081,scannet,907,scene0509_01
0,199,322,690,rio,690,scene0285_01-scene0285_00
0,200,581,2108,scannet,934,scene0524_00
0,201,1670,1787,scannet,613,scene0341_00
0,202,2004,945,rio,945,scene0392_01-scene0392_00
0,203,872,2051,scannet,877,scene0491_00
0,204,425,415,rio,415,scene0176_05-scene0176_03
0,205,2109,2097,scannet,923,scene0517_00
0,206,1425,1833,scannet,659,scene0369_00
0,207,991,1981,scannet,807,scene0451_04
0,208,1566,2024,scannet,850,scene0475_02
0,209,1290,1629,scannet,455,scene0252_00
0,210,2079,919,rio,919,scene0375_02-scene0375_00
0,211,1248,582,rio,582,scene0239_01-scene0239_00
0,212,1677,1979,scannet,805,scene0451_02
0,213,1824,984,rio,984,scene0406_02-scene0406_01
0,214,949,2346,scannet,1172,scene0677_02
0,215,880,1630,scannet,456,scene0253_00
0,216,1879,1270,scannet,96,scene0052_01
0,217,1458,783,rio,783,scene0324_00-scene0324_01
0,218,1424,352,rio,352,scene0156_00-scene0156_01
0,219,1714,578,rio,578,scene0237_02-scene0237_00
0,220,177,1710,scannet,536,scene0293_01
0,221,1117,1518,scannet,344,scene0184_00
0,222,26,111,rio,111,scene0047_02-scene0047_01
0,223,1434,681,rio,681,scene0281_00-scene0281_01
0,224,1636,379,rio,379,scene0167_01-scene0167_02
0,225,1632,2144,scannet,970,scene0543_01
0,226,1545,1945,scannet,771,scene0431_00
0,227,1155,1404,scannet,230,scene0121_01
0,228,1361,1794,scannet,620,scene0346_01
0,229,1383,1331,scannet,157,scene0087_01
0,230,1000,1423,scannet,249,scene0132_01
0,231,315,2328,scannet,1154,scene0669_00
0,232,294,1714,scannet,540,scene0295_00
0,233,278,1319,scannet,145,scene0078_02
0,234,1552,117,rio,117,scene0049_02-scene0049_01
0,235,103,1114,rio,1114,scene0454_02-scene0454_03
0,236,752,1755,scannet,581,scene0320_01
0,237,2067,1505,scannet,331,scene0177_01
0,238,552,486,rio,486,scene0201_00-scene0201_01
0,239,399,1763,scannet,589,scene0324_01
0,240,783,105,rio,105,scene0045_00-scene0045_01
0,241,818,647,rio,647,scene0267_01-scene0267_00
0,242,903,1638,scannet,464,scene0259_01
0,243,12,2367,scannet,1193,scene0703_00
0,244,1426,287,rio,287,scene0123_02-scene0123_00
0,245,2016,2344,scannet,1170,scene0677_00
0,246,1913,2205,scannet,1031,scene0586_00
0,247,107,664,rio,664,scene0275_02-scene0275_01
0,248,814,1648,scannet,474,scene0263_00
0,249,231,553,rio,553,scene0228_02-scene0228_06
0,250,589,1949,scannet,775,scene0434_02
0,251,1208,773,rio,773,scene0318_00-scene0318_03
0,252,1215,749,rio,749,scene0308_02-scene0308_01
0,253,388,316,rio,316,scene0136_01-scene0136_00
0,254,3,610,rio,610,scene0252_00-scene0252_01
0,255,1174,1435,scannet,261,scene0137_02
0,256,316,767,rio,767,scene0316_00-scene0316_01
0,257,464,855,rio,855,scene0352_01-scene0352_03
0,258,658,1125,rio,1125,scene0458_02-scene0458_01
0,259,211,2202,scannet,1028,scene0584_02
0,260,1413,88,rio,88,scene0035_01-scene0035_00
0,261,1661,13,rio,13,scene0005_00-scene0005_01
0,262,1548,1706,scannet,532,scene0291_02
0,263,565,1351,scannet,177,scene0098_00
0,264,2080,1067,rio,1067,scene0435_01-scene0435_00
0,265,639,1965,scannet,791,scene0446_00
0,266,1154,1033,rio,1033,scene0425_00-scene0425_02
0,267,642,1480,scannet,306,scene0165_00
0,268,649,1021,rio,1021,scene0423_06-scene0423_04
0,269,89,983,rio,983,scene0406_01-scene0406_00
0,270,390,858,rio,858,scene0353_00-scene0353_01
0,271,923,1240,scannet,66,scene0036_01
0,272,53,1425,scannet,251,scene0133_00
0,273,1526,139,rio,139,scene0062_00-scene0062_02
0,274,57,365,rio,365,scene0162_01-scene0162_00
0,275,511,1556,scannet,382,scene0209_00
0,276,528,457,rio,457,scene0194_00-scene0194_01
0,277,1688,1877,scannet,703,scene0393_01
0,278,1084,1797,scannet,623,scene0347_02
0,279,947,2036,scannet,862,scene0480_01
0,280,929,152,rio,152,scene0066_02-scene0066_01
0,281,1125,318,rio,318,scene0137_01-scene0137_00
0,282,1702,1367,scannet,193,scene0105_01
0,283,515,171,rio,171,scene0073_00-scene0073_01
0,284,654,1158,rio,1158,scene0473_00-scene0473_02
0,285,274,1037,rio,1037,scene0426_01-scene0426_04
0,286,1796,806,rio,806,scene0332_00-scene0332_01
0,287,1527,512,rio,512,scene0214_01-scene0214_00
0,288,724,322,rio,322,scene0141_00-scene0141_01
0,289,1156,1145,rio,1145,scene0467_02-scene0467_03
0,290,2104,1415,scannet,241,scene0126_01
0,291,1373,1310,scannet,136,scene0073_02
0,292,1962,470,rio,470,scene0196_04-scene0196_00
0,293,531,1444,scannet,270,scene0143_00
0,294,1749,1083,rio,1083,scene0442_01-scene0442_00
0,295,78,1649,scannet,475,scene0263_01
0,296,99,774,rio,774,scene0318_01-scene0318_00
0,297,1213,180,rio,180,scene0077_00-scene0077_02
0,298,2107,2020,scannet,846,scene0473_00
0,299,910,1323,scannet,149,scene0080_01
0,300,27,1454,scannet,280,scene0151_00
0,301,1249,1167,rio,1167,scene0475_02-scene0475_03
0,302,480,408,rio,408,scene0175_06-scene0175_00
0,303,46,237,rio,237,scene0101_02-scene0101_00
0,304,1697,366,rio,366,scene0163_00-scene0163_01
0,305,1277,1568,scannet,394,scene0213_00
0,306,1173,942,rio,942,scene0391_00-scene0391_01
0,307,1319,187,rio,187,scene0081_01-scene0081_02
0,308,1164,21,rio,21,scene0006_03-scene0006_01
0,309,1443,2187,scannet,1013,scene0576_00
0,310,1881,403,rio,403,scene0175_01-scene0175_07
0,311,429,1781,scannet,607,scene0337_01
0,312,1272,1676,scannet,502,scene0274_02
0,313,1074,1104,rio,1104,scene0448_01-scene0448_00
0,314,2086,2131,scannet,957,scene0537_00
0,315,1012,987,rio,987,scene0407_02-scene0407_00
0,316,2038,957,rio,957,scene0397_00-scene0397_01
0,317,1162,2270,scannet,1096,scene0626_01
0,318,476,1191,scannet,17,scene0008_00
0,319,864,341,rio,341,scene0151_00-scene0151_01
0,320,1146,1829,scannet,655,scene0367_00
0,321,1690,1289,scannet,115,scene0061_01
0,322,1329,1017,rio,1017,scene0423_02-scene0423_00
0,323,152,2073,scannet,899,scene0505_03
0,324,1835,2178,scannet,1004,scene0570_01
0,325,343,1331,scannet,157,scene0087_01
0,326,1710,2297,scannet,1123,scene0641_00
0,327,227,609,rio,609,scene0251_02-scene0251_00
0,328,798,2012,scannet,838,scene0470_00
0,329,1587,445,rio,445,scene0187_03-scene0187_02
0,330,2011,464,rio,464,scene0195_01-scene0195_02
0,331,592,1154,rio,1154,scene0472_01-scene0472_03
0,332,1267,1423,scannet,249,scene0132_01
0,333,1948,265,rio,265,scene0114_00-scene0114_01
0,334,21,676,rio,676,scene0277_06-scene0277_02
0,335,569,1359,scannet,185,scene0101_04
0,336,727,1791,scannet,617,scene0345_00
0,337,1467,610,rio,610,scene0252_00-scene0252_01
0,338,1120,1579,scannet,405,scene0220_01
0,339,1998,639,rio,639,scene0264_01-scene0264_00
0,340,832,1119,rio,1119,scene0456_00-scene0456_01
0,341,1991,1071,rio,1071,scene0436_01-scene0436_00
0,342,939,197,rio,197,scene0083_04-scene0083_00
0,343,1672,273,rio,273,scene0116_04-scene0116_03
0,344,51,1287,scannet,113,scene0060_01
0,345,735,909,rio,909,scene0372_01-scene0372_02
0,346,556,1954,scannet,780,scene0439_00
0,347,584,1726,scannet,552,scene0301_02
0,348,998,2362,scannet,1188,scene0692_04
0,349,1242,694,rio,694,scene0287_01-scene0287_03
0,350,1757,2053,scannet,879,scene0492_01
0,351,826,1671,scannet,497,scene0272_01
0,352,150,972,rio,972,scene0403_03-scene0403_04
0,353,161,788,rio,788,scene0325_02-scene0325_01
0,354,1858,37,rio,37,scene0012_01-scene0012_00
0,355,2049,1849,scannet,675,scene0376_01
0,356,236,954,rio,954,scene0395_02-scene0395_00
0,357,1681,984,rio,984,scene0406_02-scene0406_01
0,358,1561,369,rio,369,scene0164_01-scene0164_02
0,359,1840,149,rio,149,scene0065_02-scene0065_01
0,360,1098,2326,scannet,1152,scene0667_02
0,361,1240,1895,scannet,721,scene0401_00
0,362,1863,1146,rio,1146,scene0467_03-scene0467_01
0,363,405,225,rio,225,scene0095_02-scene0095_01
0,364,1569,1539,scannet,365,scene0199_00
0,365,1374,525,rio,525,scene0217_03-scene0217_04
0,366,707,787,rio,787,scene0325_01-scene0325_00
0,367,1365,2231,scannet,1057,scene0600_01
0,368,1403,1968,scannet,794,scene0447_01
0,369,1910,1469,scannet,295,scene0160_00
0,370,1350,379,rio,379,scene0167_01-scene0167_02
0,371,115,1098,rio,1098,scene0446_01-scene0446_00
0,372,715,1690,scannet,516,scene0283_00
0,373,258,13,rio,13,scene0005_00-scene0005_01
0,374,591,1355,scannet,181,scene0101_00
0,375,856,758,rio,758,scene0313_02-scene0313_01
0,376,262,445,rio,445,scene0187_03-scene0187_02
0,377,666,728,rio,728,scene0302_00-scene0302_01
0,378,671,66,rio,66,scene0026_01-scene0026_02
0,379,438,963,rio,963,scene0401_00-scene0401_02
0,380,1859,1634,scannet,460,scene0255_01
0,381,456,143,rio,143,scene0063_01-scene0063_00
0,382,1315,1228,scannet,54,scene0031_00
0,383,691,2343,scannet,1169,scene0676_01
0,384,1432,592,rio,592,scene0245_00-scene0245_01
0,385,1811,859,rio,859,scene0353_01-scene0353_02
0,386,1177,728,rio,728,scene0302_00-scene0302_01
0,387,1160,1302,scannet,128,scene0069_00
0,388,1790,889,rio,889,scene0364_01-scene0364_03
0,389,1770,1440,scannet,266,scene0141_01
0,390,2035,2106,scannet,932,scene0523_01
0,391,360,517,rio,517,scene0216_01-scene0216_04
0,392,435,47,rio,47,scene0016_01-scene0016_00
0,393,5,656,rio,656,scene0273_00-scene0273_01
0,394,1159,1169,rio,1169,scene0476_00-scene0476_01
0,395,1854,2201,scannet,1027,scene0584_01
0,396,1355,574,rio,574,scene0236_00-scene0236_01
0,397,1640,505,rio,505,scene0211_01-scene0211_00
0,398,1624,1159,rio,1159,scene0473_01-scene0473_03
0,399,657,2165,scannet,991,scene0557_02
0,400,1815,2193,scannet,1019,scene0579_02
0,401,2106,2037,scannet,863,scene0481_00
0,402,1441,1323,scannet,149,scene0080_01
0,403,1541,1714,scannet,540,scene0295_00
0,404,141,700,rio,700,scene0291_00-scene0291_02
0,405,737,1970,scannet,796,scene0448_00
0,406,286,290,rio,290,scene0124_00-scene0124_01
0,407,324,2104,scannet,930,scene0522_00
0,408,1588,607,rio,607,scene0251_00-scene0251_01
0,409,845,1678,scannet,504,scene0276_00
0,410,1391,14,rio,14,scene0005_01-scene0005_02
0,411,1758,1466,scannet,292,scene0158_01
0,412,97,2344,scannet,1170,scene0677_00
0,413,1999,1058,rio,1058,scene0432_03-scene0432_01
0,414,1246,308,rio,308,scene0132_01-scene0132_00
0,415,1827,1827,scannet,653,scene0365_02
0,416,1531,1735,scannet,561,scene0306_01
0,417,1229,801,rio,801,scene0329_01-scene0329_02
0,418,1253,2285,scannet,1111,scene0631_01
0,419,1584,249,rio,249,scene0105_02-scene0105_01
0,420,1567,566,rio,566,scene0234_02-scene0234_00
0,421,1817,39,rio,39,scene0013_01-scene0013_00
0,422,1269,345,rio,345,scene0153_00-scene0153_01
0,423,1320,819,rio,819,scene0337_01-scene0337_02
0,424,1765,650,rio,650,scene0268_02-scene0268_01
0,425,572,329,rio,329,scene0143_00-scene0143_02
0,426,1689,1879,scannet,705,scene0394_00
0,427,1034,1100,rio,1100,scene0447_00-scene0447_02
0,428,126,972,rio,972,scene0403_03-scene0403_04
0,429,180,1004,rio,1004,scene0416_01-scene0416_02
0,430,1353,111,rio,111,scene0047_02-scene0047_01
0,431,1832,279,rio,279,scene0121_00-scene0121_01
0,432,2057,226,rio,226,scene0096_00-scene0096_02
0,433,1178,286,rio,286,scene0123_01-scene0123_04
0,434,1210,1020,rio,1020,scene0423_05-scene0423_08
0,435,1750,807,rio,807,scene0332_01-scene0332_00
0,436,434,3,rio,3,scene0001_03-scene0001_02
0,437,693,608,rio,608,scene0251_01-scene0251_02
0,438,983,288,rio,288,scene0123_03-scene0123_01
0,439,674,959,rio,959,scene0398_00-scene0398_02
0,440,946,1055,rio,1055,scene0432_00-scene0432_02
0,441,566,352,rio,352,scene0156_00-scene0156_01
0,442,1941,2025,scannet,851,scene0476_00
0,443,919,1289,scannet,115,scene0061_01
0,444,1529,244,rio,244,scene0104_01-scene0104_03
0,445,684,95,rio,95,scene0038_01-scene0038_00
0,446,1486,2308,scannet,1134,scene0654_00
0,447,1851,374,rio,374,scene0165_01-scene0165_00
0,448,1723,428,rio,428,scene0183_00-scene0183_03
0,449,492,946,rio,946,scene0393_00-scene0393_01
0,450,1651,693,rio,693,scene0287_00-scene0287_01
0,451,1906,1264,scannet,90,scene0049_00
0,452,643,48,rio,48,scene0016_02-scene0016_01
0,453,1032,936,rio,936,scene0386_00-scene0386_01
0,454,758,1680,scannet,506,scene0279_00
0,455,756,743,rio,743,scene0306_03-scene0306_01
0,456,240,774,rio,774,scene0318_01-scene0318_00
0,457,1932,1880,scannet,706,scene0394_01
0,458,499,1034,rio,1034,scene0425_01-scene0425_00
0,459,1359,887,rio,887,scene0363_02-scene0363_00
0,460,364,1947,scannet,773,scene0434_00
0,461,1264,889,rio,889,scene0364_01-scene0364_03
0,462,1285,809,rio,809,scene0333_01-scene0333_00
0,463,1693,1299,scannet,125,scene0067_02
0,464,687,169,rio,169,scene0072_01-scene0072_02
0,465,2095,551,rio,551,scene0228_00-scene0228_04
0,466,884,1382,scannet,208,scene0112_00
0,467,1734,1806,scannet,632,scene0352_00
0,468,1518,282,rio,282,scene0122_00-scene0122_02
0,469,516,2052,scannet,878,scene0492_00
0,470,641,743,rio,743,scene0306_03-scene0306_01
0,471,736,984,rio,984,scene0406_02-scene0406_01
0,472,703,1344,scannet,170,scene0093_01
0,473,667,257,rio,257,scene0108_02-scene0108_00
0,474,495,2366,scannet,1192,scene0698_01
0,475,831,2168,scannet,994,scene0561_01
0,476,2032,628,rio,628,scene0258_03-scene0258_00
0,477,349,1411,scannet,237,scene0124_00
0,478,20,2008,scannet,834,scene0468_02
0,479,41,66,rio,66,scene0026_01-scene0026_02
0,480,335,734,rio,734,scene0304_00-scene0304_01
0,481,1676,1940,scannet,766,scene0425_00
0,482,1829,1391,scannet,217,scene0115_01
0,483,1457,1620,scannet,446,scene0245_00
0,484,105,606,rio,606,scene0248_02-scene0248_00
0,485,466,799,rio,799,scene0328_02-scene0328_01
0,486,1429,1105,rio,1105,scene0451_00-scene0451_01
0,487,1306,855,rio,855,scene0352_01-scene0352_03
0,488,1468,2321,scannet,1147,scene0666_00
0,489,218,538,rio,538,scene0223_00-scene0223_02
0,490,129,2350,scannet,1176,scene0680_01
0,491,489,1282,scannet,108,scene0058_01
0,492,1256,2258,scannet,1084,scene0617_00
0,493,207,357,rio,357,scene0158_01-scene0158_04
0,494,1020,1376,scannet,202,scene0110_00
0,495,1869,249,rio,249,scene0105_02-scene0105_01
0,496,1868,2278,scannet,1104,scene0630_01
0,497,1418,2006,scannet,832,scene0468_00
0,498,988,865,rio,865,scene0355_00-scene0355_01
0,499,508,2342,scannet,1168,scene0676_00
0,500,344,1641,scannet,467,scene0260_02
0,501,1668,1321,scannet,147,scene0079_01
0,502,80,1156,rio,1156,scene0472_03-scene0472_04
0,503,1305,1837,scannet,663,scene0370_01
0,504,913,531,rio,531,scene0218_03-scene0218_01
0,505,961,1230,scannet,56,scene0031_02
0,506,1195,1770,scannet,596,scene0331_01
0,507,1307,1250,scannet,76,scene0041_01
0,508,470,1537,scannet,363,scene0197_02
0,509,246,930,rio,930,scene0383_00-scene0383_01
0,510,426,1137,rio,1137,scene0465_00-scene0465_02
0,511,1822,1566,scannet,392,scene0212_01
0,512,593,1955,scannet,781,scene0439_01
0,513,1021,1594,scannet,420,scene0232_00
0,514,916,1090,rio,1090,scene0444_00-scene0444_03
0,515,801,641,rio,641,scene0265_00-scene0265_02
0,516,127,1000,rio,1000,scene0414_01-scene0414_00
0,517,890,850,rio,850,scene0348_02-scene0348_00
0,518,381,1292,scannet,118,scene0062_02
0,519,1780,59,rio,59,scene0023_01-scene0023_02
0,520,1462,784,rio,784,scene0324_01-scene0324_02
0,521,1565,1551,scannet,377,scene0205_01
0,522,1679,267,rio,267,scene0115_00-scene0115_01
0,523,1430,714,rio,714,scene0295_00-scene0295_02
0,524,1671,2214,scannet,1040,scene0588_02
0,525,1974,1024,rio,1024,scene0423_09-scene0423_10
0,526,1912,645,rio,645,scene0266_01-scene0266_00
0,527,1968,2180,scannet,1006,scene0571_00
0,528,1958,1220,scannet,46,scene0026_00
0,529,1076,682,rio,682,scene0281_01-scene0281_00
0,530,199,2367,scannet,1193,scene0703_00
0,531,1446,2353,scannet,1179,scene0683_00
0,532,56,648,rio,648,scene0268_00-scene0268_02
0,533,1857,1785,scannet,611,scene0340_01
0,534,270,932,rio,932,scene0384_00-scene0384_01
0,535,402,1939,scannet,765,scene0424_02
0,536,43,27,rio,27,scene0007_04-scene0007_03
0,537,810,1698,scannet,524,scene0288_00
0,538,317,1481,scannet,307,scene0165_01
0,539,403,1107,rio,1107,scene0452_00-scene0452_02
0,540,1514,1669,scannet,495,scene0271_01
0,541,597,360,rio,360,scene0158_04-scene0158_00
0,542,1571,1908,scannet,734,scene0409_01
0,543,123,1547,scannet,373,scene0204_00
0,544,1300,139,rio,139,scene0062_00-scene0062_02
0,545,677,201,rio,201,scene0084_03-scene0084_01
0,546,208,350,rio,350,scene0155_01-scene0155_00
0,547,1635,1721,scannet,547,scene0298_00
0,548,663,567,rio,567,scene0234_03-scene0234_05
0,549,828,522,rio,522,scene0217_00-scene0217_05
0,550,1420,713,rio,713,scene0294_03-scene0294_00
0,551,2105,2322,scannet,1148,scene0666_01
0,552,2020,19,rio,19,scene0006_01-scene0006_02
0,553,1550,1009,rio,1009,scene0418_01-scene0418_00
0,554,1612,741,rio,741,scene0306_01-scene0306_00
0,555,1524,302,rio,302,scene0128_00-scene0128_01
0,556,1544,483,rio,483,scene0198_05-scene0198_07
0,557,1118,2364,scannet,1190,scene0694_01
0,558,34,1905,scannet,731,scene0408_00
0,559,477,830,rio,830,scene0342_01-scene0342_00
0,560,1939,1481,scannet,307,scene0165_01
0,561,723,195,rio,195,scene0083_02-scene0083_03
0,562,981,2368,scannet,1194,scene0703_01
0,563,1896,1193,scannet,19,scene0009_01
0,564,573,2348,scannet,1174,scene0679_01
0,565,891,1237,scannet,63,scene0035_00
0,566,1326,1917,scannet,743,scene0415_02
0,567,1898,946,rio,946,scene0393_00-scene0393_01
0,568,198,856,rio,856,scene0352_02-scene0352_00
0,569,576,2094,scannet,920,scene0515_02
0,570,1785,272,rio,272,scene0116_03-scene0116_01
0,571,1019,1872,scannet,698,scene0391_00
0,572,1477,189,rio,189,scene0082_00-scene0082_03
0,573,984,1109,rio,1109,scene0452_02-scene0452_01
0,574,221,1228,scannet,54,scene0031_00
0,575,1022,641,rio,641,scene0265_00-scene0265_02
0,576,1371,2082,scannet,908,scene0509_02
0,577,1100,958,rio,958,scene0397_01-scene0397_00
0,578,768,916,rio,916,scene0374_02-scene0374_01
0,579,1115,413,rio,413,scene0176_03-scene0176_02
0,580,578,953,rio,953,scene0395_01-scene0395_02
0,581,68,238,rio,238,scene0101_03-scene0101_01
0,582,1058,1718,scannet,544,scene0297_00
0,583,48,1887,scannet,713,scene0397_00
0,584,1017,42,rio,42,scene0014_02-scene0014_00
0,585,1381,978,rio,978,scene0404_02-scene0404_03
0,586,1741,357,rio,357,scene0158_01-scene0158_04
0,587,134,124,rio,124,scene0054_00-scene0054_01
0,588,1920,526,rio,526,scene0217_04-scene0217_02
0,589,1221,289,rio,289,scene0123_04-scene0123_02
0,590,1411,1736,scannet,562,scene0308_00
0,591,1401,168,rio,168,scene0072_00-scene0072_01
0,592,250,634,rio,634,scene0263_00-scene0263_02
0,593,605,1042,rio,1042,scene0426_06-scene0426_07
0,594,1992,5,rio,5,scene0002_01-scene0002_00
0,595,1971,289,rio,289,scene0123_04-scene0123_02
0,596,431,1256,scannet,82,scene0044_00
0,597,1509,198,rio,198,scene0084_00-scene0084_03
0,598,1905,368,rio,368,scene0164_00-scene0164_01
0,599,1700,1035,rio,1035,scene0425_02-scene0425_01
0,600,1602,693,rio,693,scene0287_00-scene0287_01
0,601,1052,179,rio,179,scene0076_02-scene0076_01
0,602,501,2102,scannet,928,scene0520_01
0,603,1369,1968,scannet,794,scene0447_01
0,604,720,1481,scannet,307,scene0165_01
0,605,767,355,rio,355,scene0157_01-scene0157_00
0,606,1540,596,rio,596,scene0246_02-scene0246_00
0,607,1715,71,rio,71,scene0027_03-scene0027_01
0,608,595,262,rio,262,scene0112_01-scene0112_00
0,609,760,891,rio,891,scene0364_03-scene0364_00
0,610,81,928,rio,928,scene0382_00-scene0382_01
0,611,2070,1873,scannet,699,scene0392_00
0,612,1604,1451,scannet,277,scene0150_00
0,613,600,2103,scannet,929,scene0521_00
0,614,770,741,rio,741,scene0306_01-scene0306_00
0,615,1694,65,rio,65,scene0026_00-scene0026_01
0,616,304,2036,scannet,862,scene0480_01
0,617,1298,765,rio,765,scene0315_00-scene0315_01
0,618,337,461,rio,461,scene0194_04-scene0194_02
0,619,143,2319,scannet,1145,scene0662_01
0,620,1428,1951,scannet,777,scene0437_00
0,621,604,2042,scannet,868,scene0484_00
0,622,557,2367,scannet,1193,scene0703_00
0,623,757,919,rio,919,scene0375_02-scene0375_00
0,624,2012,315,rio,315,scene0136_00-scene0136_01
0,625,1026,249,rio,249,scene0105_02-scene0105_01
0,626,1059,778,rio,778,scene0321_01-scene0321_00
0,627,1130,358,rio,358,scene0158_02-scene0158_03
0,628,954,78,rio,78,scene0032_01-scene0032_03
0,629,540,1331,scannet,157,scene0087_01
0,630,1599,1571,scannet,397,scene0214_02
0,631,2052,1403,scannet,229,scene0121_00
0,632,1393,1342,scannet,168,scene0092_04
0,633,487,1000,rio,1000,scene0414_01-scene0414_00
0,634,1792,1025,rio,1025,scene0423_10-scene0423_06
0,635,130,2141,scannet,967,scene0541_02
0,636,1184,379,rio,379,scene0167_01-scene0167_02
0,637,95,936,rio,936,scene0386_00-scene0386_01
0,638,1235,1317,scannet,143,scene0078_00
0,639,239,1297,scannet,123,scene0067_00
0,640,1082,1611,scannet,437,scene0241_00
0,641,1207,143,rio,143,scene0063_01-scene0063_00
0,642,163,511,rio,511,scene0214_00-scene0214_01
0,643,1654,150,rio,150,scene0066_00-scene0066_04
0,644,1892,2157,scannet,983,scene0551_00
0,645,136,23,rio,23,scene0007_00-scene0007_02
0,646,273,1986,scannet,812,scene0453_00
0,647,588,1850,scannet,676,scene0376_02
0,648,162,990,rio,990,scene0408_01-scene0408_00
0,649,1766,2173,scannet,999,scene0567_00
0,650,1244,260,rio,260,scene0111_01-scene0111_00
0,651,2064,706,rio,706,scene0292_03-scene0292_00
0,652,319,1495,scannet,321,scene0172_00
0,653,526,975,rio,975,scene0403_06-scene0403_00
0,654,293,728,rio,728,scene0302_00-scene0302_01
0,655,1800,651,rio,651,scene0271_00-scene0271_01
0,656,1647,202,rio,202,scene0085_00-scene0085_01
0,657,1821,1092,rio,1092,scene0444_02-scene0444_01
0,658,1793,2195,scannet,1021,scene0581_01
0,659,739,573,rio,573,scene0235_02-scene0235_01
0,660,153,2313,scannet,1139,scene0656_03
0,661,1935,351,rio,351,scene0155_02-scene0155_01
0,662,1517,940,rio,940,scene0388_00-scene0388_01
0,663,1142,1095,rio,1095,scene0445_00-scene0445_01
0,664,1245,1430,scannet,256,scene0136_00
0,665,1937,597,rio,597,scene0246_03-scene0246_02
0,666,118,2273,scannet,1099,scene0627_01
0,667,1894,1084,rio,1084,scene0442_02-scene0442_03
0,668,1421,383,rio,383,scene0169_00-scene0169_01
0,669,1324,204,rio,204,scene0085_02-scene0085_00
0,670,830,870,rio,870,scene0356_03-scene0356_01
0,671,1930,404,rio,404,scene0175_02-scene0175_05
0,672,481,92,rio,92,scene0037_01-scene0037_00
0,673,398,2033,scannet,859,scene0479_01
0,674,1825,673,rio,673,scene0277_03-scene0277_06
0,675,1386,1536,scannet,362,scene0197_01
0,676,1209,409,rio,409,scene0175_07-scene0175_04
0,677,1833,2342,scannet,1168,scene0676_00
0,678,1362,1650,scannet,476,scene0264_00
0,679,1150,493,rio,493,scene0204_00-scene0204_01
0,680,1975,1106,rio,1106,scene0451_01-scene0451_00
0,681,610,1803,scannet,629,scene0350_00
0,682,670,1275,scannet,101,scene0055_01
0,683,1542,1193,scannet,19,scene0009_01
0,684,407,1019,rio,1019,scene0423_04-scene0423_01
0,685,1922,910,rio,910,scene0372_02-scene0372_03
0,686,989,2184,scannet,1010,scene0572_02
0,687,857,1089,rio,1089,scene0443_02-scene0443_00
0,688,1495,2144,scannet,970,scene0543_01
0,689,345,1883,scannet,709,scene0395_02
0,690,1437,877,rio,877,scene0361_01-scene0361_00
0,691,1653,1245,scannet,71,scene0039_00
0,692,83,1920,scannet,746,scene0416_02
0,693,522,636,rio,636,scene0263_02-scene0263_03
0,694,695,808,rio,808,scene0333_00-scene0333_01
0,695,1006,1038,rio,1038,scene0426_02-scene0426_05
0,696,1205,2348,scannet,1174,scene0679_01
0,697,975,601,rio,601,scene0247_01-scene0247_00
0,698,1539,717,rio,717,scene0295_03-scene0295_01
0,699,979,2280,scannet,1106,scene0630_03
0,700,620,2168,scannet,994,scene0561_01
0,701,1564,995,rio,995,scene0412_01-scene0412_00
0,702,160,316,rio,316,scene0136_01-scene0136_00
0,703,950,1830,scannet,656,scene0367_01
0,704,806,1796,scannet,622,scene0347_01
0,705,1161,57,rio,57,scene0022_01-scene0022_00
0,706,222,1556,scannet,382,scene0209_00
0,707,172,2175,scannet,1001,scene0569_00
0,708,1247,2312,scannet,1138,scene0656_02
0,709,214,63,rio,63,scene0025_00-scene0025_01
0,710,1092,1569,scannet,395,scene0214_00
0,711,1850,61,rio,61,scene0024_00-scene0024_01
0,712,1721,749,rio,749,scene0308_02-scene0308_01
0,713,421,1525,scannet,351,scene0191_00
0,714,937,63,rio,63,scene0025_00-scene0025_01
0,715,289,2120,scannet,946,scene0530_00
0,716,1129,630,rio,630,scene0261_01-scene0261_00
0,717,1063,999,rio,999,scene0414_00-scene0414_01
0,718,574,552,rio,552,scene0228_01-scene0228_05
0,719,13,588,rio,588,scene0243_03-scene0243_01
0,720,1471,2292,scannet,1118,scene0638_00
0,721,60,114,rio,114,scene0048_02-scene0048_01
0,722,751,196,rio,196,scene0083_03-scene0083_04
0,723,874,861,rio,861,scene0354_00-scene0354_02
0,724,2060,1160,rio,1160,scene0473_02-scene0473_01
0,725,1259,440,rio,440,scene0186_03-scene0186_01
0,726,1861,553,rio,553,scene0228_02-scene0228_06
0,727,2065,1647,scannet,473,scene0262_01
0,728,132,981,rio,981,scene0405_01-scene0405_00
0,729,1776,539,rio,539,scene0223_01-scene0223_00
0,730,137,520,rio,520,scene0216_04-scene0216_00
0,731,882,273,rio,273,scene0116_04-scene0116_03
0,732,366,554,rio,554,scene0228_03-scene0228_02
0,733,1657,814,rio,814,scene0335_02-scene0335_01
0,734,1442,483,rio,483,scene0198_05-scene0198_07
0,735,1194,2143,scannet,969,scene0543_00
0,736,71,242,rio,242,scene0103_01-scene0103_00
0,737,1786,695,rio,695,scene0287_02-scene0287_04
0,738,1238,2308,scannet,1134,scene0654_00
0,739,203,1720,scannet,546,scene0297_02
0,740,718,2046,scannet,872,scene0487_00
0,741,1686,756,rio,756,scene0313_00-scene0313_02
0,742,675,1281,scannet,107,scene0058_00
0,743,2085,220,rio,220,scene0093_01-scene0093_00
0,744,1580,1026,rio,1026,scene0423_11-scene0423_05
0,745,1440,67,rio,67,scene0026_02-scene0026_00
0,746,1135,1695,scannet,521,scene0286_02
0,747,1774,631,rio,631,scene0261_02-scene0261_01
0,748,543,660,rio,660,scene0274_01-scene0274_00
0,749,1777,728,rio,728,scene0302_00-scene0302_01
0,750,790,1159,rio,1159,scene0473_01-scene0473_03
0,751,690,361,rio,361,scene0161_00-scene0161_01
0,752,1410,1911,scannet,737,scene0411_00
0,753,370,2328,scannet,1154,scene0669_00
0,754,1214,657,rio,657,scene0273_01-scene0273_02
0,755,85,51,rio,51,scene0017_02-scene0017_00
0,756,896,703,rio,703,scene0292_00-scene0292_02
0,757,1804,506,rio,506,scene0212_00-scene0212_01
0,758,859,193,rio,193,scene0083_00-scene0083_01
0,759,1943,1844,scannet,670,scene0374_00
0,760,1639,1707,scannet,533,scene0292_00
0,761,283,1986,scannet,812,scene0453_00
0,762,603,809,rio,809,scene0333_01-scene0333_00
0,763,2026,142,rio,142,scene0063_00-scene0063_02
0,764,1189,2155,scannet,981,scene0548_01
0,765,2110,1007,rio,1007,scene0417_01-scene0417_00
0,766,926,799,rio,799,scene0328_02-scene0328_01
0,767,1719,1424,scannet,250,scene0132_02
0,768,1606,1854,scannet,680,scene0380_02
0,769,1831,2261,scannet,1087,scene0620_01
0,770,717,857,rio,857,scene0352_03-scene0352_02
0,771,1387,956,rio,956,scene0396_01-scene0396_00
0,772,1925,670,rio,670,scene0277_00-scene0277_04
0,773,1902,2222,scannet,1048,scene0592_01
0,774,1852,2194,scannet,1020,scene0581_00
0,775,1893,1912,scannet,738,scene0411_01
0,776,2091,2009,scannet,835,scene0469_00
0,777,1070,2120,scannet,946,scene0530_00
0,778,2007,37,rio,37,scene0012_01-scene0012_00
0,779,263,859,rio,859,scene0353_01-scene0353_02
0,780,585,1540,scannet,366,scene0200_00
0,781,1855,125,rio,125,scene0054_01-scene0054_00
0,782,1718,718,rio,718,scene0296_00-scene0296_01
0,783,997,5,rio,5,scene0002_01-scene0002_00
0,784,1280,277,rio,277,scene0118_00-scene0118_01
0,785,409,519,rio,519,scene0216_03-scene0216_05
0,786,793,1631,scannet,457,scene0254_00
0,787,1008,2265,scannet,1091,scene0623_01
0,788,614,113,rio,113,scene0048_01-scene0048_00
0,789,689,2047,scannet,873,scene0487_01
0,790,1659,1905,scannet,731,scene0408_00
0,791,1756,612,rio,612,scene0253_00-scene0253_01
0,792,411,455,rio,455,scene0193_00-scene0193_01
0,793,738,1484,scannet,310,scene0166_01
0,794,1614,1585,scannet,411,scene0225_00
0,795,583,516,rio,516,scene0216_00-scene0216_02
0,796,1945,1064,rio,1064,scene0434_01-scene0434_00
0,797,598,1094,rio,1094,scene0444_04-scene0444_02
0,798,1709,1299,scannet,125,scene0067_02
0,799,560,1884,scannet,710,scene0396_00
0,800,1591,1708,scannet,534,scene0292_01
0,801,305,2164,scannet,990,scene0557_01
0,802,383,879,rio,879,scene0361_03-scene0361_04
0,803,866,1430,scannet,256,scene0136_00
0,804,66,1063,rio,1063,scene0434_00-scene0434_02
0,805,1583,1971,scannet,797,scene0448_01
0,806,2018,273,rio,273,scene0116_04-scene0116_03
0,807,561,1036,rio,1036,scene0426_00-scene0426_01
0,808,940,327,rio,327,scene0142_01-scene0142_00
0,809,2045,1302,scannet,128,scene0069_00
0,810,116,2102,scannet,928,scene0520_01
0,811,1628,1608,scannet,434,scene0239_01
0,812,371,1576,scannet,402,scene0218_01
0,813,879,757,rio,757,scene0313_01-scene0313_03
0,814,140,2328,scannet,1154,scene0669_00
0,815,1487,2069,scannet,895,scene0504_00
0,816,1534,992,rio,992,scene0411_01-scene0411_02
0,817,1834,2139,scannet,965,scene0541_00
0,818,347,1510,scannet,336,scene0181_00
0,819,1124,1122,rio,1122,scene0457_01-scene0457_00
0,820,594,924,rio,924,scene0378_00-scene0378_01
0,821,1845,903,rio,903,scene0368_00-scene0368_01
0,822,987,1499,scannet,325,scene0173_02
0,823,579,878,rio,878,scene0361_02-scene0361_01
0,824,1412,774,rio,774,scene0318_01-scene0318_00
0,825,688,1848,scannet,674,scene0376_00
0,826,911,608,rio,608,scene0251_01-scene0251_02
0,827,2062,1566,scannet,392,scene0212_01
0,828,1014,2305,scannet,1131,scene0649_00
0,829,171,1736,scannet,562,scene0308_00
0,830,498,2095,scannet,921,scene0516_00
0,831,1713,648,rio,648,scene0268_00-scene0268_02
0,832,1706,1153,rio,1153,scene0472_00-scene0472_02
0,833,892,1109,rio,1109,scene0452_02-scene0452_01
0,834,1586,117,rio,117,scene0049_02-scene0049_01
0,835,457,1302,scannet,128,scene0069_00
0,836,1799,2156,scannet,982,scene0548_02
0,837,1188,912,rio,912,scene0373_00-scene0373_01
0,838,918,1530,scannet,356,scene0192_02
0,839,809,908,rio,908,scene0372_00-scene0372_01
0,840,1528,1413,scannet,239,scene0125_00
0,841,1431,2093,scannet,919,scene0515_01
0,842,348,753,rio,753,scene0312_01-scene0312_00
0,843,1666,2236,scannet,1062,scene0603_00
0,844,635,2351,scannet,1177,scene0681_00
0,845,1203,142,rio,142,scene0063_00-scene0063_02
0,846,2099,1744,scannet,570,scene0312_01
0,847,541,318,rio,318,scene0137_01-scene0137_00
0,848,1027,178,rio,178,scene0076_01-scene0076_00
0,849,179,1372,scannet,198,scene0107_00
0,850,627,2289,scannet,1115,scene0635_00
0,851,1438,774,rio,774,scene0318_01-scene0318_00
0,852,1466,312,rio,312,scene0134_01-scene0134_00
0,853,1292,1718,scannet,544,scene0297_00
0,854,1274,243,rio,243,scene0104_00-scene0104_01
0,855,245,337,rio,337,scene0147_00-scene0147_01
0,856,253,161,rio,161,scene0068_02-scene0068_03
0,857,1634,321,rio,321,scene0138_02-scene0138_01
0,858,39,1763,scannet,589,scene0324_01
0,859,365,690,rio,690,scene0285_01-scene0285_00
0,860,217,2058,scannet,884,scene0498_00
0,861,1143,199,rio,199,scene0084_01-scene0084_02
0,862,1983,1402,scannet,228,scene0120_01
0,863,1166,81,rio,81,scene0033_00-scene0033_01
0,864,1820,1599,scannet,425,scene0234_00
0,865,630,552,rio,552,scene0228_01-scene0228_05
0,866,650,2295,scannet,1121,scene0640_01
0,867,223,970,rio,970,scene0403_01-scene0403_02
0,868,117,2257,scannet,1083,scene0615_01
0,869,11,865,rio,865,scene0355_00-scene0355_01
0,870,817,937,rio,937,scene0386_01-scene0386_00
0,871,1795,148,rio,148,scene0065_01-scene0065_00
0,872,1105,193,rio,193,scene0083_00-scene0083_01
0,873,1216,1862,scannet,688,scene0385_00
0,874,1030,303,rio,303,scene0128_01-scene0128_00
0,875,1375,1033,rio,1033,scene0425_00-scene0425_02
0,876,1652,1893,scannet,719,scene0400_00
0,877,538,669,rio,669,scene0276_04-scene0276_00
0,878,1047,1549,scannet,375,scene0204_02
0,879,754,2124,scannet,950,scene0533_00
0,880,1128,958,rio,958,scene0397_01-scene0397_00
0,881,284,2224,scannet,1050,scene0596_00
0,882,1087,636,rio,636,scene0263_02-scene0263_03
0,883,651,1649,scannet,475,scene0263_01
0,884,2103,736,rio,736,scene0304_02-scene0304_00
0,885,384,1288,scannet,114,scene0061_00
0,886,1664,1485,scannet,311,scene0166_02
0,887,1995,1983,scannet,809,scene0452_00
0,888,148,1572,scannet,398,scene0215_00
0,889,1314,833,rio,833,scene0343_01-scene0343_00
0,890,406,860,rio,860,scene0353_02-scene0353_00
0,891,472,948,rio,948,scene0394_00-scene0394_01
0,892,1013,699,rio,699,scene0288_01-scene0288_00
0,893,680,190,rio,190,scene0082_01-scene0082_02
0,894,999,1417,scannet,243,scene0127_00
0,895,1341,1232,scannet,58,scene0032_01
0,896,1986,495,rio,495,scene0205_00-scene0205_02
0,897,838,157,rio,157,scene0067_02-scene0067_03
0,898,1349,1912,scannet,738,scene0411_01
0,899,342,538,rio,538,scene0223_00-scene0223_02
0,900,746,1066,rio,1066,scene0435_00-scene0435_02
0,901,1897,2098,scannet,924,scene0517_01
0,902,1864,112,rio,112,scene0048_00-scene0048_02
0,903,1978,432,rio,432,scene0184_00-scene0184_01
0,904,571,517,rio,517,scene0216_01-scene0216_04
0,905,329,1161,rio,1161,scene0473_03-scene0473_00
0,906,530,263,rio,263,scene0113_00-scene0113_01
0,907,1611,511,rio,511,scene0214_00-scene0214_01
0,908,957,1474,scannet,300,scene0161_00
0,909,1865,117,rio,117,scene0049_02-scene0049_01
0,910,808,1356,scannet,182,scene0101_01
0,911,1739,2337,scannet,1163,scene0673_05
0,912,968,1753,scannet,579,scene0319_00
0,913,109,1041,rio,1041,scene0426_05-scene0426_06
0,914,1712,1773,scannet,599,scene0332_02
0,915,1266,2084,scannet,910,scene0510_01
0,916,288,1657,scannet,483,scene0266_01
0,917,1137,818,rio,818,scene0337_00-scene0337_03
0,918,1949,870,rio,870,scene0356_03-scene0356_01
0,919,575,739,rio,739,scene0305_02-scene0305_01
0,920,822,220,rio,220,scene0093_01-scene0093_00
0,921,1183,1121,rio,1121,scene0457_00-scene0457_01
0,922,1955,2327,scannet,1153,scene0668_00
0,923,1132,1672,scannet,498,scene0273_00
0,924,423,45,rio,45,scene0015_02-scene0015_01
0,925,1464,310,rio,310,scene0133_01-scene0133_00
0,926,1942,263,rio,263,scene0113_00-scene0113_01
0,927,1384,453,rio,453,scene0192_00-scene0192_01
0,928,902,420,rio,420,scene0178_00-scene0178_01
0,929,447,2075,scannet,901,scene0506_00
0,930,35,131,rio,131,scene0057_01-scene0057_02
0,931,945,1958,scannet,784,scene0440_02
0,932,1500,1551,scannet,377,scene0205_01
0,933,1400,561,rio,561,scene0232_01-scene0232_00
0,934,31,925,rio,925,scene0378_01-scene0378_00
0,935,474,779,rio,779,scene0322_00-scene0322_01
0,936,9,2098,scannet,924,scene0517_01
0,937,122,830,rio,830,scene0342_01-scene0342_00
0,938,679,1722,scannet,548,scene0299_00
0,939,195,201,rio,201,scene0084_03-scene0084_01
0,940,931,2264,scannet,1090,scene0623_00
0,941,1134,2284,scannet,1110,scene0631_00
0,942,685,1542,scannet,368,scene0200_02
0,943,1286,565,rio,565,scene0234_01-scene0234_02
0,944,692,1028,rio,1028,scene0424_01-scene0424_00
0,945,753,621,rio,621,scene0257_00-scene0257_01
0,946,119,2308,scannet,1134,scene0654_00
0,947,869,1899,scannet,725,scene0404_00
0,948,494,730,rio,730,scene0302_02-scene0302_00
0,949,1380,1121,rio,1121,scene0457_00-scene0457_01
0,950,1615,1821,scannet,647,scene0362_03
0,951,465,515,rio,515,scene0215_02-scene0215_00
0,952,1051,418,rio,418,scene0177_00-scene0177_01
0,953,1783,669,rio,669,scene0276_04-scene0276_00
0,954,1696,2367,scannet,1193,scene0703_00
0,955,55,1552,scannet,378,scene0205_02
0,956,1002,215,rio,215,scene0091_02-scene0091_01
0,957,1040,179,rio,179,scene0076_02-scene0076_01
0,958,1915,2287,scannet,1113,scene0632_00
0,959,201,702,rio,702,scene0291_02-scene0291_01
0,960,1933,242,rio,242,scene0103_01-scene0103_00
0,961,1501,1997,scannet,823,scene0460_00
0,962,455,710,rio,710,scene0294_00-scene0294_02
0,963,1126,1482,scannet,308,scene0165_02
0,964,636,262,rio,262,scene0112_01-scene0112_00
0,965,915,822,rio,822,scene0338_00-scene0338_02
0,966,135,1820,scannet,646,scene0362_02
0,967,1385,534,rio,534,scene0221_02-scene0221_00
0,968,1243,1818,scannet,644,scene0362_00
0,969,941,1675,scannet,501,scene0274_01
0,970,1171,223,rio,223,scene0095_00-scene0095_02
0,971,1658,1364,scannet,190,scene0103_01
0,972,114,1013,rio,1013,scene0422_00-scene0422_01
0,973,380,74,rio,74,scene0028_02-scene0028_00
0,974,446,498,rio,498,scene0206_00-scene0206_01
0,975,555,167,rio,167,scene0071_02-scene0071_00
0,976,142,605,rio,605,scene0248_01-scene0248_02
0,977,851,2197,scannet,1023,scene0582_00
0,978,237,1473,scannet,299,scene0160_04
0,979,391,1789,scannet,615,scene0344_00
0,980,357,2147,scannet,973,scene0545_00
0,981,740,2126,scannet,952,scene0534_00
0,982,1308,1945,scannet,771,scene0431_00
0,983,1064,1822,scannet,648,scene0363_00
0,984,1705,589,rio,589,scene0244_00-scene0244_02
0,985,1144,917,rio,917,scene0375_00-scene0375_01
0,986,986,1694,scannet,520,scene0286_01
0,987,181,1966,scannet,792,scene0446_01
0,988,389,1218,scannet,44,scene0024_01
0,989,1254,1645,scannet,471,scene0261_03
0,990,2030,1635,scannet,461,scene0255_02
0,991,1755,996,rio,996,scene0413_00-scene0413_01
0,992,1201,2327,scannet,1153,scene0668_00
0,993,726,146,rio,146,scene0064_01-scene0064_00
0,994,252,784,rio,784,scene0324_01-scene0324_02
0,995,1989,1270,scannet,96,scene0052_01
0,996,860,305,rio,305,scene0131_01-scene0131_00
0,997,795,845,rio,845,scene0345_01-scene0345_00
0,998,862,672,rio,672,scene0277_02-scene0277_07
0,999,62,1467,scannet,293,scene0158_02
0,1000,37,1353,scannet,179,scene0099_00
0,1001,1397,996,rio,996,scene0413_00-scene0413_01
0,1002,1695,114,rio,114,scene0048_02-scene0048_01
0,1003,267,1515,scannet,341,scene0182_01
0,1004,1994,1191,scannet,17,scene0008_00
0,1005,352,1982,scannet,808,scene0451_05
0,1006,951,835,rio,835,scene0343_03-scene0343_05
0,1007,839,2321,scannet,1147,scene0666_00
0,1008,1605,1640,scannet,466,scene0260_01
0,1009,835,710,rio,710,scene0294_00-scene0294_02
0,1010,1237,1448,scannet,274,scene0147_00
0,1011,1956,387,rio,387,scene0171_01-scene0171_02
0,1012,980,990,rio,990,scene0408_01-scene0408_00
0,1013,827,161,rio,161,scene0068_02-scene0068_03
0,1014,359,2307,scannet,1133,scene0650_00
0,1015,416,106,rio,106,scene0045_01-scene0045_00
0,1016,518,833,rio,833,scene0343_01-scene0343_00
0,1017,621,1033,rio,1033,scene0425_00-scene0425_02
0,1018,18,437,rio,437,scene0186_00-scene0186_04
0,1019,1422,1033,rio,1033,scene0425_00-scene0425_02
0,1020,865,1882,scannet,708,scene0395_01
0,1021,1321,800,rio,800,scene0329_00-scene0329_01
0,1022,1791,243,rio,243,scene0104_00-scene0104_01
0,1023,458,484,rio,484,scene0198_06-scene0198_02
0,1024,1553,1151,rio,1151,scene0471_02-scene0471_01
0,1025,750,32,rio,32,scene0008_04-scene0008_03
0,1026,1149,204,rio,204,scene0085_02-scene0085_00
0,1027,154,1198,scannet,24,scene0012_01
0,1028,1613,396,rio,396,scene0174_01-scene0174_03
0,1029,1066,131,rio,131,scene0057_01-scene0057_02
0,1030,63,311,rio,311,scene0134_00-scene0134_01
0,1031,1730,872,rio,872,scene0357_01-scene0357_00
0,1032,1884,241,rio,241,scene0103_00-scene0103_01
0,1033,1645,942,rio,942,scene0391_00-scene0391_01
0,1034,1363,121,rio,121,scene0052_01-scene0052_00
0,1035,759,714,rio,714,scene0295_00-scene0295_02
0,1036,855,1465,scannet,291,scene0158_00
0,1037,871,284,rio,284,scene0122_02-scene0122_01
0,1038,1476,1332,scannet,158,scene0087_02
0,1039,854,294,rio,294,scene0125_02-scene0125_03
0,1040,978,66,rio,66,scene0026_01-scene0026_02
0,1041,625,935,rio,935,scene0385_01-scene0385_00
0,1042,780,1846,scannet,672,scene0375_01
0,1043,1772,732,rio,732,scene0303_01-scene0303_02
0,1044,1848,1270,scannet,96,scene0052_01
0,1045,713,1770,scannet,596,scene0331_01
0,1046,1607,146,rio,146,scene0064_01-scene0064_00
0,1047,938,437,rio,437,scene0186_00-scene0186_04
0,1048,773,1081,rio,1081,scene0441_02-scene0441_00
0,1049,905,2081,scannet,907,scene0509_01
0,1050,764,1061,rio,1061,scene0433_02-scene0433_01
0,1051,1891,640,rio,640,scene0264_02-scene0264_01
0,1052,517,1175,scannet,1,scene0000_01
0,1053,1903,357,rio,357,scene0158_01-scene0158_04
0,1054,678,579,rio,579,scene0238_00-scene0238_01
0,1055,2081,1416,scannet,242,scene0126_02
1,0,558,580,rio,580,scene0238_01-scene0238_00
1,1,1655,1191,scannet,17,scene0008_00
1,2,2077,2346,scannet,1172,scene0677_02
1,3,1885,861,rio,861,scene0354_00-scene0354_02
1,4,1987,650,rio,650,scene0268_02-scene0268_01
1,5,361,1535,scannet,361,scene0197_00
1,6,147,538,rio,538,scene0223_00-scene0223_02
1,7,766,1726,scannet,552,scene0301_02
1,8,22,1842,scannet,668,scene0373_00
1,9,563,1819,scannet,645,scene0362_01
1,10,1601,640,rio,640,scene0264_02-scene0264_01
1,11,744,427,rio,427,scene0182_01-scene0182_00
1,12,1692,464,rio,464,scene0195_01-scene0195_02
1,13,2037,818,rio,818,scene0337_00-scene0337_03
1,14,776,483,rio,483,scene0198_05-scene0198_07
1,15,312,1590,scannet,416,scene0229_00
1,16,96,2218,scannet,1044,scene0589_02
1,17,475,3,rio,3,scene0001_03-scene0001_02
1,18,564,2186,scannet,1012,scene0573_01
1,19,440,1107,rio,1107,scene0452_00-scene0452_02
1,20,1558,2313,scannet,1139,scene0656_03
1,21,535,1002,rio,1002,scene0415_01-scene0415_00
1,22,303,575,rio,575,scene0236_01-scene0236_00
1,23,1291,400,rio,400,scene0174_05-scene0174_02
1,24,54,752,rio,752,scene0312_00-scene0312_02
1,25,1610,1216,scannet,42,scene0023_00
1,26,1876,1167,rio,1167,scene0475_02-scene0475_03
1,27,1067,60,rio,60,scene0023_02-scene0023_00
1,28,164,1848,scannet,674,scene0376_00
1,29,712,942,rio,942,scene0391_00-scene0391_01
1,30,1763,1638,scannet,464,scene0259_01
1,31,1934,487,rio,487,scene0201_01-scene0201_00
1,32,2084,1731,scannet,557,scene0303_02
1,33,909,443,rio,443,scene0187_01-scene0187_00
1,34,1729,1473,scannet,299,scene0160_04
1,35,1048,102,rio,102,scene0043_01-scene0043_00
1,36,2046,428,rio,428,scene0183_00-scene0183_03
1,37,1489,1022,rio,1022,scene0423_07-scene0423_02
1,38,634,373,rio,373,scene0165_00-scene0165_01
1,39,1988,1504,scannet,330,scene0177_00
1,40,506,219,rio,219,scene0093_00-scene0093_01
1,41,551,1260,scannet,86,scene0045_01
1,42,350,1784,scannet,610,scene0340_00
1,43,1258,989,rio,989,scene0408_00-scene0408_01
1,44,1940,848,rio,848,scene0348_00-scene0348_01
1,45,1107,237,rio,237,scene0101_02-scene0101_00
1,46,328,210,rio,210,scene0088_01-scene0088_02
1,47,1409,2247,scannet,1073,scene0611_01
1,48,427,468,rio,468,scene0196_02-scene0196_04
1,49,596,796,rio,796,scene0327_03-scene0327_00
1,50,36,945,rio,945,scene0392_01-scene0392_00
1,51,1579,2179,scannet,1005,scene0570_02
1,52,1738,1022,rio,1022,scene0423_07-scene0423_02
1,53,400,1375,scannet,201,scene0109_01
1,54,1103,500,rio,500,scene0207_00-scene0207_01
1,55,173,2148,scannet,974,scene0545_01
1,56,2019,376,rio,376,scene0166_01-scene0166_00
1,57,640,1731,scannet,557,scene0303_02
1,58,1609,652,rio,652,scene0271_01-scene0271_00
1,59,1148,2090,scannet,916,scene0514_00
1,60,120,248,rio,248,scene0105_01-scene0105_00
1,61,2055,303,rio,303,scene0128_01-scene0128_00
1,62,292,1578,scannet,404,scene0220_00
1,63,699,1868,scannet,694,scene0387_02
1,64,1186,771,rio,771,scene0317_02-scene0317_03
1,65,1163,925,rio,925,scene0378_01-scene0378_00
1,66,1914,1721,scannet,547,scene0298_00
1,67,331,1681,scannet,507,scene0279_01
1,68,1332,1134,rio,1134,scene0464_00-scene0464_01
1,69,232,840,rio,840,scene0344_00-scene0344_03
1,70,265,172,rio,172,scene0073_01-scene0073_00
1,71,1951,2119,scannet,945,scene0529_02
1,72,1405,1417,scannet,243,scene0127_00
1,73,1620,1245,scannet,71,scene0039_00
1,74,1024,253,rio,253,scene0107_01-scene0107_00
1,75,1328,11,rio,11,scene0004_03-scene0004_00
1,76,1512,2299,scannet,1125,scene0642_01
1,77,1392,2337,scannet,1163,scene0673_05
1,78,2033,710,rio,710,scene0294_00-scene0294_02
1,79,1295,1091,rio,1091,scene0444_01-scene0444_00
1,80,491,2089,scannet,915,scene0513_00
1,81,1809,221,rio,221,scene0094_00-scene0094_01
1,82,550,804,rio,804,scene0331_01-scene0331_02
1,83,1888,57,rio,57,scene0022_01-scene0022_00
1,84,299,1028,rio,1028,scene0424_01-scene0424_00
1,85,424,540,rio,540,scene0223_02-scene0223_01
1,86,1873,1871,scannet,697,scene0390_00
1,87,1035,1191,scannet,17,scene0008_00
1,88,683,407,rio,407,scene0175_05-scene0175_03
1,89,397,715,rio,715,scene0295_01-scene0295_00
1,90,2073,170,rio,170,scene0072_02-scene0072_00
1,91,1481,669,rio,669,scene0276_04-scene0276_00
1,92,45,2352,scannet,1178,scene0682_00
1,93,765,589,rio,589,scene0244_00-scene0244_02
1,94,1494,1417,scannet,243,scene0127_00
1,95,1751,821,rio,821,scene0337_03-scene0337_01
1,96,73,631,rio,631,scene0261_02-scene0261_01
1,97,893,842,rio,842,scene0344_02-scene0344_00
1,98,711,2367,scannet,1193,scene0703_00
1,99,28,1321,scannet,147,scene0079_01
1,100,1963,31,rio,31,scene0008_03-scene0008_01
1,101,943,403,rio,403,scene0175_01-scene0175_07
1,102,59,897,rio,897,scene0366_01-scene0366_04
1,103,1465,1777,scannet,603,scene0335_02
1,104,1133,721,rio,721,scene0297_00-scene0297_01
1,105,104,2306,scannet,1132,scene0649_01
1,106,878,1031,rio,1031,scene0424_04-scene0424_01
1,107,439,1016,rio,1016,scene0423_01-scene0423_11
1,108,507,226,rio,226,scene0096_00-scene0096_02
1,109,1563,2333,scannet,1159,scene0673_01
1,110,1077,1309,scannet,135,scene0073_01
1,111,2075,2288,scannet,1114,scene0634_00
1,112,2069,1562,scannet,388,scene0211_01
1,113,1072,1159,rio,1159,scene0473_01-scene0473_03
1,114,661,747,rio,747,scene0308_00-scene0308_02
1,115,837,275,rio,275,scene0117_00-scene0117_01
1,116,697,1187,scannet,13,scene0006_00
1,117,729,1046,rio,1046,scene0427_02-scene0427_01
1,118,23,158,rio,158,scene0067_03-scene0067_00
1,119,1919,1409,scannet,235,scene0123_01
1,120,285,380,rio,380,scene0167_02-scene0167_00
1,121,75,1349,scannet,175,scene0096_02
1,122,705,482,rio,482,scene0198_04-scene0198_05
1,123,1433,219,rio,219,scene0093_00-scene0093_01
1,124,789,1139,rio,1139,scene0465_02-scene0465_01
1,125,1950,527,rio,527,scene0217_05-scene0217_01
1,126,1340,2111,scannet,937,scene0525_01
1,127,1339,1331,scannet,157,scene0087_01
1,128,1122,416,rio,416,scene0176_06-scene0176_00
1,129,414,980,rio,980,scene0405_00-scene0405_01
1,130,784,437,rio,437,scene0186_00-scene0186_04
1,131,504,691,rio,691,scene0286_00-scene0286_01
1,132,1302,1547,scannet,373,scene0204_00
1,133,459,2234,scannet,1060,scene0601_01
1,134,633,69,rio,69,scene0027_01-scene0027_00
1,135,568,2144,scannet,970,scene0543_01
1,136,500,1265,scannet,91,scene0051_00
1,137,210,2176,scannet,1002,scene0569_01
1,138,787,504,rio,504,scene0211_00-scene0211_01
1,139,2048,560,rio,560,scene0232_00-scene0232_01
1,140,1644,2331,scannet,1157,scene0672_01
1,141,532,687,rio,687,scene0284_00-scene0284_01
1,142,441,367,rio,367,scene0163_01-scene0163_00
1,143,1875,679,rio,679,scene0278_01-scene0278_00
1,144,922,1965,scannet,791,scene0446_00
1,145,1952,299,rio,299,scene0127_01-scene0127_02
1,146,1111,356,rio,356,scene0158_00-scene0158_02
1,147,1761,1193,scannet,19,scene0009_01
1,148,1147,115,rio,115,scene0049_00-scene0049_02
1,149,462,1328,scannet,154,scene0085_00
1,150,1119,1724,scannet,550,scene0301_00
1,151,460,1032,rio,1032,scene0424_05-scene0424_03
1,152,709,1634,scannet,460,scene0255_01
1,153,2041,1454,scannet,280,scene0151_00
1,154,340,185,rio,185,scene0078_02-scene0078_00
1,155,749,586,rio,586,scene0243_01-scene0243_02
1,156,1236,948,rio,948,scene0394_00-scene0394_01
1,157,1674,508,rio,508,scene0212_02-scene0212_00
1,158,1969,1573,scannet,399,scene0215_01
1,159,339,1006,rio,1006,scene0417_00-scene0417_01
1,160,394,876,rio,876,scene0361_00-scene0361_03
1,161,1530,1730,scannet,556,scene0303_01
1,162,410,951,rio,951,scene0394_03-scene0394_00
1,163,782,949,rio,949,scene0394_01-scene0394_02
1,164,393,569,rio,569,scene0234_05-scene0234_04
1,165,1275,2251,scannet,1077,scene0613_01
1,166,1480,81,rio,81,scene0033_00-scene0033_01
1,167,1204,1132,rio,1132,scene0463_01-scene0463_02
1,168,1123,335,rio,335,scene0146_00-scene0146_01
1,169,449,1370,scannet,196,scene0106_01
1,170,1211,21,rio,21,scene0006_03-scene0006_01
1,171,1510,794,rio,794,scene0327_01-scene0327_03
1,172,1883,237,rio,237,scene0101_02-scene0101_00
1,173,486,989,rio,989,scene0408_00-scene0408_01
1,174,1900,2152,scannet,978,scene0547_01
1,175,1899,337,rio,337,scene0147_00-scene0147_01
1,176,719,1139,rio,1139,scene0465_02-scene0465_01
1,177,1581,1268,scannet,94,scene0051_03
1,178,1358,570,rio,570,scene0234_06-scene0234_01
1,179,742,1877,scannet,703,scene0393_01
1,180,970,301,rio,301,scene0127_03-scene0127_00
1,181,1598,256,rio,256,scene0108_01-scene0108_03
1,182,889,1362,scannet,188,scene0102_01
1,183,413,314,rio,314,scene0135_01-scene0135_00
1,184,2015,1515,scannet,341,scene0182_01
1,185,2027,2010,scannet,836,scene0469_01
1,186,873,99,rio,99,scene0042_00-scene0042_01
1,187,1823,1600,scannet,426,scene0235_00
1,188,700,90,rio,90,scene0036_01-scene0036_00
1,189,852,780,rio,780,scene0322_01-scene0322_00
1,190,496,1652,scannet,478,scene0264_02
1,191,710,1231,scannet,57,scene0032_00
1,192,523,503,rio,503,scene0208_01-scene0208_00
1,193,1479,825,rio,825,scene0341_00-scene0341_01
1,194,325,448,rio,448,scene0188_01-scene0188_03
1,195,1356,1955,scannet,781,scene0439_01
1,196,1297,34,rio,34,scene0011_01-scene0011_02
1,197,2031,1690,scannet,516,scene0283_00
1,198,1284,358,rio,358,scene0158_02-scene0158_03
1,199,1513,561,rio,561,scene0232_01-scene0232_00
1,200,958,315,rio,315,scene0136_00-scene0136_01
1,201,1367,923,rio,923,scene0377_01-scene0377_00
1,202,836,292,rio,292,scene0125_00-scene0125_01
1,203,1535,1837,scannet,663,scene0370_01
1,204,454,1966,scannet,792,scene0446_01
1,205,934,419,rio,419,scene0177_01-scene0177_00
1,206,197,885,rio,885,scene0363_00-scene0363_01
1,207,311,244,rio,244,scene0104_01-scene0104_03
1,208,318,1852,scannet,678,scene0380_00
1,209,2000,2105,scannet,931,scene0523_00
1,210,701,682,rio,682,scene0281_01-scene0281_00
1,211,1088,987,rio,987,scene0407_02-scene0407_00
1,212,1060,652,rio,652,scene0271_01-scene0271_00
1,213,963,1837,scannet,663,scene0370_01
1,214,582,2222,scannet,1048,scene0592_01
1,215,653,2148,scannet,974,scene0545_01
1,216,219,921,rio,921,scene0376_01-scene0376_00
1,217,1366,299,rio,299,scene0127_01-scene0127_02
1,218,1448,1242,scannet,68,scene0038_00
1,219,488,156,rio,156,scene0067_01-scene0067_02
1,220,1451,2207,scannet,1033,scene0586_02
1,221,1924,1475,scannet,301,scene0161_01
1,222,1979,1773,scannet,599,scene0332_02
1,223,1417,672,rio,672,scene0277_02-scene0277_07
1,224,1492,131,rio,131,scene0057_01-scene0057_02
1,225,799,356,rio,356,scene0158_00-scene0158_02
1,226,1625,289,rio,289,scene0123_04-scene0123_02
1,227,1961,1410,scannet,236,scene0123_02
1,228,1234,1440,scannet,266,scene0141_01
1,229,1502,895,rio,895,scene0365_02-scene0365_00
1,230,272,2000,scannet,826,scene0464_00
1,231,844,547,rio,547,scene0226_00-scene0226_01
1,232,861,1403,scannet,229,scene0121_00
1,233,520,922,rio,922,scene0377_00-scene0377_01
1,234,1311,2364,scannet,1190,scene0694_01
1,235,1928,2080,scannet,906,scene0509_00
1,236,1596,295,rio,295,scene0125_03-scene0125_00
1,237,1856,505,rio,505,scene0211_01-scene0211_00
1,238,637,861,rio,861,scene0354_00-scene0354_02
1,239,927,1026,rio,1026,scene0423_11-scene0423_05
1,240,791,993,rio,993,scene0411_02-scene0411_00
1,241,763,933,rio,933,scene0384_01-scene0384_00
1,242,1814,194,rio,194,scene0083_01-scene0083_02
1,243,534,2240,scannet,1066,scene0604_02
1,244,1819,1668,scannet,494,scene0271_00
1,245,722,502,rio,502,scene0208_00-scene0208_01
1,246,1976,2360,scannet,1186,scene0692_02
1,247,1317,1575,scannet,401,scene0218_00
1,248,1187,1495,scannet,321,scene0172_00
1,249,448,79,rio,79,scene0032_02-scene0032_01
1,250,158,1315,scannet,141,scene0075_00
1,251,196,2181,scannet,1007,scene0571_01
1,252,355,806,rio,806,scene0332_00-scene0332_01
1,253,638,1860,scannet,686,scene0383_02
1,254,1414,1753,scannet,579,scene0319_00
1,255,1018,1582,scannet,408,scene0223_01
1,256,1617,1998,scannet,824,scene0463_00
1,257,1228,1913,scannet,739,scene0411_02
1,258,681,2078,scannet,904,scene0508_01
1,259,1252,1273,scannet,99,scene0054_00
1,260,1112,2166,scannet,992,scene0560_00
1,261,1016,391,rio,391,scene0172_01-scene0172_00
1,262,166,823,rio,823,scene0338_01-scene0338_00
1,263,2078,1604,scannet,430,scene0237_01
1,264,1626,221,rio,221,scene0094_00-scene0094_01
1,265,1167,253,rio,253,scene0107_01-scene0107_00
1,266,1794,1205,scannet,31,scene0016_01
1,267,1043,1721,scannet,547,scene0298_00
1,268,1225,248,rio,248,scene0105_01-scene0105_00
1,269,1533,1125,rio,1125,scene0458_02-scene0458_01
1,270,536,542,rio,542,scene0224_01-scene0224_00
1,271,1261,1344,scannet,170,scene0093_01
1,272,2044,2241,scannet,1067,scene0605_00
1,273,1575,1289,scannet,115,scene0061_01
1,274,1079,312,rio,312,scene0134_01-scene0134_00
1,275,1556,790,rio,790,scene0326_01-scene0326_02
1,276,479,2061,scannet,887,scene0499_00
1,277,1223,1088,rio,1088,scene0443_01-scene0443_02
1,278,338,1817,scannet,643,scene0361_02
1,279,807,1780,scannet,606,scene0337_00
1,280,962,2020,scannet,846,scene0473_00
1,281,1378,40,rio,40,scene0014_00-scene0014_01
1,282,1560,1242,scannet,68,scene0038_00
1,283,788,689,rio,689,scene0285_00-scene0285_01
1,284,1828,1518,scannet,344,scene0184_00
1,285,1807,652,rio,652,scene0271_01-scene0271_00
1,286,1993,813,rio,813,scene0335_01-scene0335_00
1,287,1109,1495,scannet,321,scene0172_00
1,288,1281,1290,scannet,116,scene0062_00
1,289,32,1985,scannet,811,scene0452_02
1,290,708,79,rio,79,scene0032_02-scene0032_01
1,291,1808,1689,scannet,515,scene0282_02
1,292,514,2126,scannet,952,scene0534_00
1,293,706,733,rio,733,scene0303_02-scene0303_00
1,294,607,1630,scannet,456,scene0253_00
1,295,213,1369,scannet,195,scene0106_00
1,296,505,1879,scannet,705,scene0394_00
1,297,992,142,rio,142,scene0063_00-scene0063_02
1,298,1404,383,rio,383,scene0169_00-scene0169_01
1,299,1080,919,rio,919,scene0375_02-scene0375_00
1,300,1882,1381,scannet,207,scene0111_02
1,301,76,1682,scannet,508,scene0279_02
1,302,769,176,rio,176,scene0075_01-scene0075_00
1,303,1867,733,rio,733,scene0303_02-scene0303_00
1,304,820,263,rio,263,scene0113_00-scene0113_01
1,305,1463,1879,scannet,705,scene0394_00
1,306,1622,1018,rio,1018,scene0423_03-scene0423_07
1,307,2094,102,rio,102,scene0043_01-scene0043_00
1,308,925,75,rio,75,scene0031_00-scene0031_01
1,309,1376,1748,scannet,574,scene0313_02
1,310,1871,313,rio,313,scene0135_00-scene0135_01
1,311,145,1602,scannet,428,scene0236_01
1,312,1322,860,rio,860,scene0353_02-scene0353_00
1,313,138,2099,scannet,925,scene0517_02
1,314,38,2356,scannet,1182,scene0691_00
1,315,1407,414,rio,414,scene0176_04-scene0176_07
1,316,377,293,rio,293,scene0125_01-scene0125_02
1,317,1843,568,rio,568,scene0234_04-scene0234_06
1,318,1065,839,rio,839,scene0343_07-scene0343_02
1,319,2039,2268,scannet,1094,scene0625_01
1,320,151,645,rio,645,scene0266_01-scene0266_00
1,321,16,1981,scannet,807,scene0451_04
1,322,1708,1883,scannet,709,scene0395_02
1,323,659,146,rio,146,scene0064_01-scene0064_00
1,324,156,419,rio,419,scene0177_01-scene0177_00
1,325,1638,1323,scannet,149,scene0080_01
1,326,98,428,rio,428,scene0183_00-scene0183_03
1,327,599,1358,scannet,184,scene0101_03
1,328,823,693,rio,693,scene0287_00-scene0287_01
1,329,623,721,rio,721,scene0297_00-scene0297_01
1,330,2002,1616,scannet,442,scene0242_02
1,331,1595,246,rio,246,scene0104_03-scene0104_02
1,332,1470,848,rio,848,scene0348_00-scene0348_01
1,333,176,2073,scannet,899,scene0505_03
1,334,1646,1186,scannet,12,scene0005_01
1,335,1104,756,rio,756,scene0313_00-scene0313_02
1,336,694,879,rio,879,scene0361_03-scene0361_04
1,337,1015,2104,scannet,930,scene0522_00
1,338,644,1104,rio,1104,scene0448_01-scene0448_00
1,339,1475,1058,rio,1058,scene0432_03-scene0432_01
1,340,87,804,rio,804,scene0331_01-scene0331_02
1,341,174,288,rio,288,scene0123_03-scene0123_01
1,342,235,1599,scannet,425,scene0234_00
1,343,648,789,rio,789,scene0326_00-scene0326_01
1,344,702,1664,scannet,490,scene0269_02
1,345,1083,1765,scannet,591,scene0325_01
1,346,2090,842,rio,842,scene0344_02-scene0344_00
1,347,2,853,rio,853,scene0351_02-scene0351_01
1,348,777,368,rio,368,scene0164_00-scene0164_01
1,349,1287,1677,scannet,503,scene0275_00
1,350,1826,946,rio,946,scene0393_00-scene0393_01
1,351,94,1913,scannet,739,scene0411_02
1,352,1116,806,rio,806,scene0332_00-scene0332_01
1,353,877,355,rio,355,scene0157_01-scene0157_00
1,354,1921,1583,scannet,409,scene0223_02
1,355,2050,1172,rio,1172,scene0477_00-scene0477_01
1,356,443,1384,scannet,210,scene0112_02
1,357,716,1897,scannet,723,scene0403_00
1,358,1071,1494,scannet,320,scene0171_01
1,359,533,2214,scannet,1040,scene0588_02
1,360,1656,898,rio,898,scene0366_02-scene0366_00
1,361,432,766,rio,766,scene0315_01-scene0315_00
1,362,1744,1702,scannet,528,scene0289_01
1,363,420,1507,scannet,333,scene0178_00
1,364,184,697,rio,697,scene0287_04-scene0287_00
1,365,1768,978,rio,978,scene0404_02-scene0404_03
1,366,1748,2291,scannet,1117,scene0637_00
1,367,1114,903,rio,903,scene0368_00-scene0368_01
1,368,204,1659,scannet,485,scene0268_00
1,369,182,491,rio,491,scene0203_00-scene0203_01
1,370,1778,976,rio,976,scene0404_00-scene0404_02
1,371,1045,964,rio,964,scene0401_01-scene0401_00
1,372,159,117,rio,117,scene0049_02-scene0049_01
1,373,257,241,rio,241,scene0103_00-scene0103_01
1,374,1959,1744,scannet,570,scene0312_01
1,375,368,1441,scannet,267,scene0141_02
1,376,251,2339,scannet,1165,scene0674_01
1,377,1805,2317,scannet,1143,scene0661_00
1,378,819,1960,scannet,786,scene0443_00
1,379,1296,424,rio,424,scene0181_00-scene0181_01
1,380,755,2159,scannet,985,scene0554_01
1,381,1582,882,rio,882,scene0362_01-scene0362_03
1,382,1498,860,rio,860,scene0353_02-scene0353_00
1,383,2066,89,rio,89,scene0036_00-scene0036_01
1,384,1523,1787,scannet,613,scene0341_00
1,385,1631,1587,scannet,413,scene0226_01
1,386,2072,503,rio,503,scene0208_01-scene0208_00
1,387,1224,1343,scannet,169,scene0093_00
1,388,1515,1278,scannet,104,scene0056_01
1,389,1370,1829,scannet,655,scene0367_00
1,390,175,516,rio,516,scene0216_00-scene0216_02
1,391,1152,1038,rio,1038,scene0426_02-scene0426_05
1,392,1554,423,rio,423,scene0179_01-scene0179_00
1,393,920,586,rio,586,scene0243_01-scene0243_02
1,394,2009,59,rio,59,scene0023_01-scene0023_02
1,395,1347,1253,scannet,79,scene0042_02
1,396,1916,1490,scannet,316,scene0170_00
1,397,192,1409,scannet,235,scene0123_01
1,398,234,1304,scannet,130,scene0071_00
1,399,387,1716,scannet,542,scene0296_00
1,400,1576,967,rio,967,scene0402_01-scene0402_02
1,401,1771,758,rio,758,scene0313_02-scene0313_01
1,402,955,2342,scannet,1168,scene0676_00
1,403,1683,1004,rio,1004,scene0416_01-scene0416_02
1,404,1372,109,rio,109,scene0047_00-scene0047_02
1,405,1642,695,rio,695,scene0287_02-scene0287_04
1,406,1984,149,rio,149,scene0065_02-scene0065_01
1,407,444,1323,scannet,149,scene0080_01
1,408,1557,1409,scannet,235,scene0123_01
1,409,785,1490,scannet,316,scene0170_00
1,410,1813,903,rio,903,scene0368_00-scene0368_01
1,411,1806,288,rio,288,scene0123_03-scene0123_01
1,412,374,939,rio,939,scene0387_01-scene0387_00
1,413,463,1981,scannet,807,scene0451_04
1,414,1096,873,rio,873,scene0357_02-scene0357_01
1,415,194,197,rio,197,scene0083_04-scene0083_00
1,416,964,568,rio,568,scene0234_04-scene0234_06
1,417,2006,1314,scannet,140,scene0074_02
1,418,1472,8,rio,8,scene0004_00-scene0004_01
1,419,2040,300,rio,300,scene0127_02-scene0127_03
1,420,1931,56,rio,56,scene0022_00-scene0022_01
1,421,1175,988,rio,988,scene0407_03-scene0407_02
1,422,1627,302,rio,302,scene0128_00-scene0128_01
1,423,1023,1664,scannet,490,scene0269_02
1,424,2017,123,rio,123,scene0053_01-scene0053_00
1,425,101,142,rio,142,scene0063_00-scene0063_02
1,426,898,2060,scannet,886,scene0498_02
1,427,971,1331,scannet,157,scene0087_01
1,428,296,1880,scannet,706,scene0394_01
1,429,372,276,rio,276,scene0117_01-scene0117_00
1,430,1849,1056,rio,1056,scene0432_01-scene0432_00
1,431,1559,945,rio,945,scene0392_01-scene0392_00
1,432,1985,270,rio,270,scene0116_01-scene0116_02
1,433,178,1073,rio,1073,scene0437_00-scene0437_01
1,434,1478,1267,scannet,93,scene0051_02
1,435,215,87,rio,87,scene0035_00-scene0035_01
1,436,436,2339,scannet,1165,scene0674_01
1,437,1231,1555,scannet,381,scene0206_02
1,438,1202,1194,scannet,20,scene0009_02
1,439,86,2150,scannet,976,scene0546_00
1,440,1172,563,rio,563,scene0233_01-scene0233_00
1,441,1701,1053,rio,1053,scene0431_00-scene0431_01
1,442,1954,1482,scannet,308,scene0165_02
1,443,956,400,rio,400,scene0174_05-scene0174_02
1,444,696,715,rio,715,scene0295_01-scene0295_00
1,445,1377,97,rio,97,scene0041_01-scene0041_02
1,446,1977,271,rio,271,scene0116_02-scene0116_00
1,447,1226,2135,scannet,961,scene0539_02
1,448,1039,224,rio,224,scene0095_01-scene0095_00
1,449,1760,372,rio,372,scene0164_04-scene0164_03
1,450,797,1686,scannet,512,scene0281_00
1,451,1127,682,rio,682,scene0281_01-scene0281_00
1,452,287,1819,scannet,645,scene0362_01
1,453,527,1495,scannet,321,scene0172_00
1,454,802,1669,scannet,495,scene0271_01
1,455,29,1259,scannet,85,scene0045_00
1,456,1594,1191,scannet,17,scene0008_00
1,457,778,1085,rio,1085,scene0442_03-scene0442_01
1,458,1185,1297,scannet,123,scene0067_00
1,459,906,1333,scannet,159,scene0089_00
1,460,69,186,rio,186,scene0081_00-scene0081_01
1,461,655,1249,scannet,75,scene0041_00
1,462,1450,2177,scannet,1003,scene0570_00
1,463,668,412,rio,412,scene0176_02-scene0176_06
1,464,1872,1931,scannet,757,scene0420_01
1,465,1293,751,rio,751,scene0311_01-scene0311_00
1,466,282,1264,scannet,90,scene0049_00
1,467,617,325,rio,325,scene0141_03-scene0141_00
1,468,1260,1983,scannet,809,scene0452_00
1,469,1573,1006,rio,1006,scene0417_00-scene0417_01
1,470,2013,1343,scannet,169,scene0093_00
1,471,17,936,rio,936,scene0386_00-scene0386_01
1,472,1182,687,rio,687,scene0284_00-scene0284_01
1,473,1929,2298,scannet,1124,scene0642_00
1,474,656,309,rio,309,scene0133_00-scene0133_01
1,475,412,743,rio,743,scene0306_03-scene0306_01
1,476,840,703,rio,703,scene0292_00-scene0292_02
1,477,2071,1508,scannet,334,scene0179_00
1,478,772,196,rio,196,scene0083_03-scene0083_04
1,479,509,1807,scannet,633,scene0352_01
1,480,1271,449,rio,449,scene0188_02-scene0188_01
1,481,1562,1459,scannet,285,scene0155_00
1,482,615,1591,scannet,417,scene0229_01
1,483,779,175,rio,175,scene0075_00-scene0075_01
1,484,1578,808,rio,808,scene0333_00-scene0333_01
1,485,72,1990,scannet,816,scene0456_00
1,486,725,1080,rio,1080,scene0441_01-scene0441_02
1,487,682,456,rio,456,scene0193_01-scene0193_00
1,488,1853,280,rio,280,scene0121_01-scene0121_02
1,489,200,489,rio,489,scene0202_01-scene0202_02
1,490,990,1837,scannet,663,scene0370_01
1,491,1944,1629,scannet,455,scene0252_00
1,492,821,1757,scannet,583,scene0320_03
1,493,1078,593,rio,593,scene0245_02-scene0245_00
1,494,1703,1146,rio,1146,scene0467_03-scene0467_01
1,495,942,983,rio,983,scene0406_01-scene0406_00
1,496,601,768,rio,768,scene0316_01-scene0316_00
1,497,665,1380,scannet,206,scene0111_01
1,498,264,1576,scannet,402,scene0218_01
1,499,451,1952,scannet,778,scene0437_01
1,500,1488,2311,scannet,1137,scene0656_01
1,501,686,1984,scannet,810,scene0452_01
1,502,351,440,rio,440,scene0186_03-scene0186_01
1,503,1641,355,rio,355,scene0157_01-scene0157_00
1,504,40,323,rio,323,scene0141_01-scene0141_02
1,505,1053,849,rio,849,scene0348_01-scene0348_02
1,506,415,2230,scannet,1056,scene0600_00
1,507,131,530,rio,530,scene0218_02-scene0218_03
1,508,307,1746,scannet,572,scene0313_00
1,509,70,276,rio,276,scene0117_01-scene0117_00
1,510,567,772,rio,772,scene0317_03-scene0317_00
1,511,1423,1908,scannet,734,scene0409_01
1,512,1396,2328,scannet,1154,scene0669_00
1,513,616,2196,scannet,1022,scene0581_02
1,514,996,291,rio,291,scene0124_01-scene0124_00
1,515,1473,1858,scannet,684,scene0383_00
1,516,108,444,rio,444,scene0187_02-scene0187_01
1,517,897,1501,scannet,327,scene0174_01
1,518,542,1466,scannet,292,scene0158_01
1,519,1180,1211,scannet,37,scene0020_00
1,520,774,1993,scannet,819,scene0457_01
1,521,64,1772,scannet,598,scene0332_01
1,522,1094,2093,scannet,919,scene0515_01
1,523,1399,1074,rio,1074,scene0437_01-scene0437_02
1,524,42,304,rio,304,scene0131_00-scene0131_02
1,525,1452,419,rio,419,scene0177_01-scene0177_00
1,526,1335,1597,scannet,423,scene0233_00
1,527,330,1191,scannet,17,scene0008_00
1,528,1181,302,rio,302,scene0128_00-scene0128_01
1,529,1054,170,rio,170,scene0072_02-scene0072_00
1,530,1516,2166,scannet,992,scene0560_00
1,531,442,212,rio,212,scene0088_03-scene0088_01
1,532,346,1031,rio,1031,scene0424_04-scene0424_01
1,533,2061,1971,scannet,797,scene0448_01
1,534,935,1146,rio,1146,scene0467_03-scene0467_01
1,535,1230,2293,scannet,1119,scene0639_00
1,536,1139,771,rio,771,scene0317_02-scene0317_03
1,537,1629,1102,rio,1102,scene0447_02-scene0447_01
1,538,960,754,rio,754,scene0312_02-scene0312_03
1,539,1270,279,rio,279,scene0121_00-scene0121_01
1,540,2022,430,rio,430,scene0183_02-scene0183_01
1,541,320,495,rio,495,scene0205_00-scene0205_02
1,542,732,116,rio,116,scene0049_01-scene0049_00
1,543,90,659,rio,659,scene0274_00-scene0274_02
1,544,626,2077,scannet,903,scene0508_00
1,545,1001,1511,scannet,337,scene0181_01
1,546,216,1574,scannet,400,scene0216_00
1,547,815,114,rio,114,scene0048_02-scene0048_01
1,548,1343,2166,scannet,992,scene0560_00
1,549,1810,1016,rio,1016,scene0423_01-scene0423_11
1,550,469,1077,rio,1077,scene0438_01-scene0438_02
1,551,2025,1986,scannet,812,scene0453_00
1,552,1090,1185,scannet,11,scene0005_00
1,553,796,306,rio,306,scene0131_02-scene0131_01
1,554,1316,323,rio,323,scene0141_01-scene0141_02
1,555,2008,393,rio,393,scene0173_01-scene0173_00
1,556,1493,2251,scannet,1077,scene0613_01
1,557,2076,1997,scannet,823,scene0460_00
1,558,1773,342,rio,342,scene0151_01-scene0151_00
1,559,804,291,rio,291,scene0124_01-scene0124_00
1,560,92,1013,rio,1013,scene0422_00-scene0422_01
1,561,1085,1221,scannet,47,scene0027_00
1,562,1055,495,rio,495,scene0205_00-scene0205_02
1,563,966,1666,scannet,492,scene0270_01
1,564,1449,751,rio,751,scene0311_01-scene0311_00
1,565,1294,1015,rio,1015,scene0423_00-scene0423_09
1,566,1193,1013,rio,1013,scene0422_00-scene0422_01
1,567,124,1056,rio,1056,scene0432_01-scene0432_00
1,568,2102,2320,scannet,1146,scene0662_02
1,569,1388,2009,scannet,835,scene0469_00
1,570,468,338,rio,338,scene0147_01-scene0147_00
1,571,471,2168,scannet,994,scene0561_01
1,572,812,670,rio,670,scene0277_00-scene0277_04
1,573,1179,1927,scannet,753,scene0419_00
1,574,1469,937,rio,937,scene0386_01-scene0386_00
1,575,824,759,rio,759,scene0313_03-scene0313_00
1,576,493,2314,scannet,1140,scene0657_00
1,577,186,1910,scannet,736,scene0410_01
1,578,1972,925,rio,925,scene0378_01-scene0378_00
1,579,1352,1062,rio,1062,scene0433_03-scene0433_00
1,580,202,626,rio,626,scene0258_01-scene0258_03
1,581,1113,921,rio,921,scene0376_01-scene0376_00
1,582,1803,694,rio,694,scene0287_01-scene0287_03
1,583,1262,2150,scannet,976,scene0546_00
1,584,1747,330,rio,330,scene0143_01-scene0143_00
1,585,1762,419,rio,419,scene0177_01-scene0177_00
1,586,445,1619,scannet,445,scene0244_01
1,587,224,1503,scannet,329,scene0176_00
1,588,1648,918,rio,918,scene0375_01-scene0375_02
1,589,609,2132,scannet,958,scene0538_00
1,590,1136,1889,scannet,715,scene0398_00
1,591,1643,1390,scannet,216,scene0115_00
1,592,113,214,rio,214,scene0091_01-scene0091_00
1,593,1787,856,rio,856,scene0352_02-scene0352_00
1,594,396,93,rio,93,scene0037_02-scene0037_01
1,595,1121,1681,scannet,507,scene0279_01
1,596,1263,1229,scannet,55,scene0031_01
1,597,242,1653,scannet,479,scene0265_00
1,598,336,773,rio,773,scene0318_00-scene0318_03
1,599,1140,2086,scannet,912,scene0511_00
1,600,2051,2074,scannet,900,scene0505_04
1,601,1568,646,rio,646,scene0267_00-scene0267_01
1,602,121,1439,scannet,265,scene0141_00
1,603,1555,1039,rio,1039,scene0426_03-scene0426_02
1,604,369,591,rio,591,scene0244_02-scene0244_01
1,605,848,2338,scannet,1164,scene0674_00
1,606,281,648,rio,648,scene0268_00-scene0268_02
1,607,100,1399,scannet,225,scene0118_02
1,608,1453,38,rio,38,scene0013_00-scene0013_01
1,609,185,1994,scannet,820,scene0457_02
1,610,1682,230,rio,230,scene0097_01-scene0097_00
1,611,1288,1963,scannet,789,scene0445_00
1,612,247,1370,scannet,196,scene0106_01
1,613,1157,660,rio,660,scene0274_01-scene0274_00
1,614,1379,1023,rio,1023,scene0423_08-scene0423_03
1,615,255,1855,scannet,681,scene0381_00
1,616,973,620,rio,620,scene0256_01-scene0256_00
1,617,1784,1072,rio,1072,scene0436_02-scene0436_01
1,618,928,2367,scannet,1193,scene0703_00
1,619,1687,1133,rio,1133,scene0463_02-scene0463_00
1,620,102,800,rio,800,scene0329_00-scene0329_01
1,621,622,772,rio,772,scene0317_03-scene0317_00
1,622,803,186,rio,186,scene0081_00-scene0081_01
1,623,1669,1840,scannet,666,scene0371_01
1,624,1346,320,rio,320,scene0138_01-scene0138_00
1,625,1348,1487,scannet,313,scene0168_00
1,626,1838,1191,scannet,17,scene0008_00
1,627,1360,457,rio,457,scene0194_00-scene0194_01
1,628,1650,671,rio,671,scene0277_01-scene0277_03
1,629,1965,717,rio,717,scene0295_03-scene0295_01
1,630,1724,517,rio,517,scene0216_01-scene0216_04
1,631,2054,1511,scannet,337,scene0181_01
1,632,188,1583,scannet,409,scene0223_02
1,633,302,2105,scannet,931,scene0523_00
1,634,1733,334,rio,334,scene0145_02-scene0145_01
1,635,280,140,rio,140,scene0062_01-scene0062_00
1,636,2083,556,rio,556,scene0228_05-scene0228_03
1,637,1029,2192,scannet,1018,scene0579_01
1,638,825,2367,scannet,1193,scene0703_00
1,639,125,1094,rio,1094,scene0444_04-scene0444_02
1,640,417,1753,scannet,579,scene0319_00
1,641,2056,923,rio,923,scene0377_01-scene0377_00
1,642,191,1500,scannet,326,scene0174_00
1,643,1878,335,rio,335,scene0146_00-scene0146_01
1,644,1737,423,rio,423,scene0179_01-scene0179_00
1,645,2024,714,rio,714,scene0295_00-scene0295_02
1,646,628,2171,scannet,997,scene0564_00
1,647,1336,1011,rio,1011,scene0421_01-scene0421_00
1,648,1839,1059,rio,1059,scene0433_00-scene0433_02
1,649,1862,1578,scannet,404,scene0220_00
1,650,1764,228,rio,228,scene0096_02-scene0096_01
1,651,503,829,rio,829,scene0342_00-scene0342_02
1,652,49,189,rio,189,scene0082_00-scene0082_03
1,653,894,900,rio,900,scene0366_04-scene0366_02
1,654,1895,108,rio,108,scene0046_01-scene0046_00
1,655,1698,1342,scannet,168,scene0092_04
1,656,1331,1724,scannet,550,scene0301_00
1,657,1044,403,rio,403,scene0175_01-scene0175_07
1,658,1970,98,rio,98,scene0041_02-scene0041_00
1,659,1268,1202,scannet,28,scene0013_02
1,660,1057,700,rio,700,scene0291_00-scene0291_02
1,661,646,2182,scannet,1008,scene0572_00
1,662,334,803,rio,803,scene0331_00-scene0331_01
1,663,382,629,rio,629,scene0261_00-scene0261_02
1,664,1546,2192,scannet,1018,scene0579_01
1,665,1484,1868,scannet,694,scene0387_02
1,666,781,199,rio,199,scene0084_01-scene0084_02
1,667,1637,78,rio,78,scene0032_01-scene0032_03
1,668,1798,364,rio,364,scene0162_00-scene0162_01
1,669,1219,491,rio,491,scene0203_00-scene0203_01
1,670,1196,2340,scannet,1166,scene0675_00
1,671,546,464,rio,464,scene0195_01-scene0195_02
1,672,842,675,rio,675,scene0277_05-scene0277_01
1,673,1508,340,rio,340,scene0148_01-scene0148_00
1,674,800,685,rio,685,scene0283_00-scene0283_01
1,675,1304,211,rio,211,scene0088_02-scene0088_00
1,676,590,592,rio,592,scene0245_00-scene0245_01
1,677,1398,515,rio,515,scene0215_02-scene0215_00
1,678,300,823,rio,823,scene0338_01-scene0338_00
1,679,734,959,rio,959,scene0398_00-scene0398_02
1,680,1880,1973,scannet,799,scene0449_00
1,681,1663,19,rio,19,scene0006_01-scene0006_02
1,682,2098,669,rio,669,scene0276_04-scene0276_00
1,683,269,228,rio,228,scene0096_02-scene0096_01
1,684,15,2109,scannet,935,scene0524_01
1,685,112,865,rio,865,scene0355_00-scene0355_01
1,686,870,170,rio,170,scene0072_02-scene0072_00
1,687,1436,1900,scannet,726,scene0404_01
1,688,1521,110,rio,110,scene0047_01-scene0047_00
1,689,1227,2365,scannet,1191,scene0698_00
1,690,921,265,rio,265,scene0114_00-scene0114_01
1,691,189,665,rio,665,scene0276_00-scene0276_03
1,692,183,1735,scannet,561,scene0306_01
1,693,771,1438,scannet,264,scene0140_01
1,694,418,481,rio,481,scene0198_03-scene0198_04
1,695,1699,441,rio,441,scene0186_04-scene0186_02
1,696,1444,132,rio,132,scene0057_02-scene0057_00
1,697,1860,59,rio,59,scene0023_01-scene0023_02
1,698,1870,1501,scannet,327,scene0174_01
1,699,544,2076,scannet,902,scene0507_00
1,700,1782,781,rio,781,scene0323_00-scene0323_01
1,701,2047,728,rio,728,scene0302_00-scene0302_01
1,702,7,1032,rio,1032,scene0424_05-scene0424_03
1,703,1522,1298,scannet,124,scene0067_01
1,704,2059,1090,rio,1090,scene0444_00-scene0444_03
1,705,1344,335,rio,335,scene0146_00-scene0146_01
1,706,1886,643,rio,643,scene0265_02-scene0265_01
1,707,1108,2041,scannet,867,scene0483_00
1,708,1222,146,rio,146,scene0064_01-scene0064_00
1,709,1735,76,rio,76,scene0031_01-scene0031_00
1,710,1908,89,rio,89,scene0036_00-scene0036_01
1,711,1323,1070,rio,1070,scene0436_00-scene0436_02
1,712,2043,652,rio,652,scene0271_01-scene0271_00
1,713,993,563,rio,563,scene0233_01-scene0233_00
1,714,139,1161,rio,1161,scene0473_03-scene0473_00
1,715,948,125,rio,125,scene0054_01-scene0054_00
1,716,994,461,rio,461,scene0194_04-scene0194_02
1,717,549,1814,scannet,640,scene0360_00
1,718,277,898,rio,898,scene0366_02-scene0366_00
1,719,291,1023,rio,1023,scene0423_08-scene0423_03
1,720,972,615,rio,615,scene0254_00-scene0254_01
1,721,1257,1147,rio,1147,scene0468_00-scene0468_01
1,722,1980,999,rio,999,scene0414_00-scene0414_01
1,723,624,280,rio,280,scene0121_01-scene0121_02
1,724,1901,944,rio,944,scene0392_00-scene0392_01
1,725,704,1818,scannet,644,scene0362_00
1,726,226,1058,rio,1058,scene0432_03-scene0432_01
1,727,1197,2153,scannet,979,scene0547_02
1,728,510,2330,scannet,1156,scene0672_00
1,729,1812,401,rio,401,scene0174_06-scene0174_04
1,730,167,1554,scannet,380,scene0206_01
1,731,453,315,rio,315,scene0136_00-scene0136_01
1,732,268,1092,rio,1092,scene0444_02-scene0444_01
1,733,1312,603,rio,603,scene0247_03-scene0247_02
1,734,524,1765,scannet,591,scene0325_01
1,735,1382,1980,scannet,806,scene0451_03
1,736,74,977,rio,977,scene0404_01-scene0404_00
1,737,545,1335,scannet,161,scene0089_02
1,738,577,568,rio,568,scene0234_04-scene0234_06
1,739,580,1643,scannet,469,scene0261_01
1,740,1621,704,rio,704,scene0292_01-scene0292_03
1,741,128,2065,scannet,891,scene0502_00
1,742,65,306,rio,306,scene0131_02-scene0131_01
1,743,1301,1719,scannet,545,scene0297_01
1,744,1474,734,rio,734,scene0304_00-scene0304_01
1,745,77,905,rio,905,scene0371_00-scene0371_01
1,746,301,2262,scannet,1088,scene0622_00
1,747,619,1305,scannet,131,scene0072_00
1,748,482,2291,scannet,1117,scene0637_00
1,749,853,93,rio,93,scene0037_02-scene0037_01
1,750,225,2032,scannet,858,scene0479_00
1,751,850,1459,scannet,285,scene0155_00
1,752,1592,782,rio,782,scene0323_01-scene0323_00
1,753,612,749,rio,749,scene0308_02-scene0308_01
1,754,885,1176,scannet,2,scene0000_02
1,755,61,261,rio,261,scene0112_00-scene0112_01
1,756,1549,117,rio,117,scene0049_02-scene0049_01
1,757,761,1972,scannet,798,scene0448_02
1,758,1037,1699,scannet,525,scene0288_01
1,759,404,205,rio,205,scene0086_00-scene0086_01
1,760,1101,354,rio,354,scene0157_00-scene0157_01
1,761,2097,2141,scannet,967,scene0541_02
1,762,1445,1653,scannet,479,scene0265_00
1,763,1010,958,rio,958,scene0397_01-scene0397_00
1,764,1997,120,rio,120,scene0052_00-scene0052_01
1,765,1927,356,rio,356,scene0158_00-scene0158_02
1,766,602,726,rio,726,scene0301_00-scene0301_01
1,767,297,899,rio,899,scene0366_03-scene0366_01
1,768,1736,1646,scannet,472,scene0262_00
1,769,206,1767,scannet,593,scene0327_00
1,770,1490,419,rio,419,scene0177_01-scene0177_00
1,771,1716,508,rio,508,scene0212_02-scene0212_00
1,772,1165,1664,scannet,490,scene0269_02
1,773,1767,1202,scannet,28,scene0013_02
1,774,1990,307,rio,307,scene0132_00-scene0132_01
1,775,976,2284,scannet,1110,scene0631_00
1,776,1667,117,rio,117,scene0049_02-scene0049_01
1,777,133,208,rio,208,scene0087_01-scene0087_00
1,778,1097,663,rio,663,scene0275_01-scene0275_00
1,779,1011,1264,scannet,90,scene0049_00
1,780,1537,72,rio,72,scene0028_00-scene0028_01
1,781,1456,419,rio,419,scene0177_01-scene0177_00
1,782,748,389,rio,389,scene0171_03-scene0171_00
1,783,327,1154,rio,1154,scene0472_01-scene0472_03
1,784,1525,1997,scannet,823,scene0460_00
1,785,308,39,rio,39,scene0013_01-scene0013_00
1,786,1455,2064,scannet,890,scene0501_02
1,787,2108,779,rio,779,scene0322_00-scene0322_01
1,788,775,1857,scannet,683,scene0381_02
1,789,944,930,rio,930,scene0383_00-scene0383_01
1,790,1041,650,rio,650,scene0268_02-scene0268_01
1,791,1981,1546,scannet,372,scene0202_00
1,792,733,555,rio,555,scene0228_04-scene0228_01
1,793,1982,2154,scannet,980,scene0548_00
1,794,2092,1610,scannet,436,scene0240_00
1,795,187,2089,scannet,915,scene0513_00
1,796,1145,2036,scannet,862,scene0480_01
1,797,1416,984,rio,984,scene0406_02-scene0406_01
1,798,1947,1823,scannet,649,scene0364_00
1,799,930,274,rio,274,scene0116_05-scene0116_04
1,800,888,355,rio,355,scene0157_01-scene0157_00
1,801,1519,1299,scannet,125,scene0067_02
1,802,146,1552,scannet,378,scene0205_02
1,803,1818,426,rio,426,scene0182_00-scene0182_01
1,804,1917,1760,scannet,586,scene0323_00
1,805,306,2170,scannet,996,scene0563_00
1,806,676,1614,scannet,440,scene0242_00
1,807,645,2311,scannet,1137,scene0656_01
1,808,2063,1401,scannet,227,scene0120_00
1,809,392,946,rio,946,scene0393_00-scene0393_01
1,810,244,631,rio,631,scene0261_02-scene0261_01
1,811,721,618,rio,618,scene0255_01-scene0255_00
1,812,419,1063,rio,1063,scene0434_00-scene0434_02
1,813,2029,34,rio,34,scene0011_01-scene0011_02
1,814,422,1166,rio,1166,scene0475_01-scene0475_02
1,815,698,138,rio,138,scene0061_02-scene0061_01
1,816,1684,601,rio,601,scene0247_01-scene0247_00
1,817,1075,719,rio,719,scene0296_01-scene0296_02
1,818,1318,897,rio,897,scene0366_01-scene0366_04
1,819,1649,621,rio,621,scene0257_00-scene0257_01
1,820,84,530,rio,530,scene0218_02-scene0218_03
1,821,914,1093,rio,1093,scene0444_03-scene0444_04
1,822,44,1824,scannet,650,scene0364_01
1,823,907,1901,scannet,727,scene0404_02
1,824,537,1431,scannet,257,scene0136_01
1,825,2021,1437,scannet,263,scene0140_00
1,826,373,171,rio,171,scene0073_00-scene0073_01
1,827,525,405,rio,405,scene0175_03-scene0175_06
1,828,473,1076,rio,1076,scene0438_00-scene0438_01
1,829,502,1804,scannet,630,scene0350_01
1,830,2014,8,rio,8,scene0004_00-scene0004_01
1,831,1678,1232,scannet,58,scene0032_01
1,832,58,119,rio,119,scene0051_01-scene0051_00
1,833,811,1358,scannet,184,scene0101_03
1,834,79,1302,scannet,128,scene0069_00
1,835,1338,220,rio,220,scene0093_01-scene0093_00
1,836,1505,362,rio,362,scene0161_01-scene0161_02
1,837,275,1698,scannet,524,scene0288_00
1,838,904,2278,scannet,1104,scene0630_01
1,839,1168,1808,scannet,634,scene0352_02
1,840,1402,1802,scannet,628,scene0349_01
1,841,1532,2205,scannet,1031,scene0586_00
1,842,276,459,rio,459,scene0194_02-scene0194_05
1,843,2087,400,rio,400,scene0174_05-scene0174_02
1,844,1769,238,rio,238,scene0101_03-scene0101_01
1,845,106,1129,rio,1129,scene0462_00-scene0462_01
1,846,1351,916,rio,916,scene0374_02-scene0374_01
1,847,672,258,rio,258,scene0108_03-scene0108_02
1,848,362,2325,scannet,1151,scene0667_01
1,849,1419,311,rio,311,scene0134_00-scene0134_01
1,850,2023,1049,rio,1049,scene0428_00-scene0428_03
1,851,93,2131,scannet,957,scene0537_00
1,852,1081,686,rio,686,scene0283_01-scene0283_00
1,853,1585,1024,rio,1024,scene0423_09-scene0423_10
1,854,259,2152,scannet,978,scene0547_01
1,855,1233,1340,scannet,166,scene0092_02
1,856,1781,12,rio,12,scene0004_04-scene0004_02
1,857,917,1714,scannet,540,scene0295_00
1,858,1732,1417,scannet,243,scene0127_00
1,859,673,535,rio,535,scene0222_00-scene0222_01
1,860,969,1527,scannet,353,scene0191_02
1,861,1282,454,rio,454,scene0192_01-scene0192_00
1,862,67,3,rio,3,scene0001_03-scene0001_02
1,863,1278,1089,rio,1089,scene0443_02-scene0443_00
1,864,1485,450,rio,450,scene0188_03-scene0188_00
1,865,2001,1263,scannet,89,scene0048_01
1,866,1460,1353,scannet,179,scene0099_00
1,867,25,1262,scannet,88,scene0048_00
1,868,2100,2355,scannet,1181,scene0688_00
1,869,157,2105,scannet,931,scene0523_00
1,870,1439,413,rio,413,scene0176_03-scene0176_02
1,871,1740,491,rio,491,scene0203_00-scene0203_01
1,872,144,2100,scannet,926,scene0519_00
1,873,1,988,rio,988,scene0407_03-scene0407_02
1,874,290,657,rio,657,scene0273_01-scene0273_02
1,875,428,1017,rio,1017,scene0423_02-scene0423_00
1,876,1623,852,rio,852,scene0351_01-scene0351_00
1,877,484,889,rio,889,scene0364_01-scene0364_03
1,878,1483,99,rio,99,scene0042_00-scene0042_01
1,879,829,2215,scannet,1041,scene0588_03
1,880,1364,829,rio,829,scene0342_00-scene0342_02
1,881,2093,849,rio,849,scene0348_01-scene0348_02
1,882,846,1421,scannet,247,scene0130_00
1,883,1842,2127,scannet,953,scene0534_01
1,884,230,1367,scannet,193,scene0105_01
1,885,895,1865,scannet,691,scene0386_00
1,886,313,2176,scannet,1002,scene0569_01
1,887,1061,1321,scannet,147,scene0079_01
1,888,2068,85,rio,85,scene0034_02-scene0034_00
1,889,1707,1637,scannet,463,scene0259_00
1,890,1042,1100,rio,1100,scene0447_00-scene0447_02
1,891,220,1039,rio,1039,scene0426_03-scene0426_02
1,892,1877,631,rio,631,scene0261_02-scene0261_01
1,893,631,43,rio,43,scene0015_00-scene0015_02
1,894,2028,2107,scannet,933,scene0523_02
1,895,271,1041,rio,1041,scene0426_05-scene0426_06
1,896,1844,248,rio,248,scene0105_01-scene0105_00
1,897,2101,570,rio,570,scene0234_06-scene0234_01
1,898,30,1425,scannet,251,scene0133_00
1,899,1255,1726,scannet,552,scene0301_02
1,900,1497,1666,scannet,492,scene0270_01
1,901,2010,1017,rio,1017,scene0423_02-scene0423_00
1,902,295,2071,scannet,897,scene0505_01
1,903,1050,1247,scannet,73,scene0040_00
1,904,2034,2063,scannet,889,scene0501_01
1,905,875,2119,scannet,945,scene0529_02
1,906,1841,1623,scannet,449,scene0248_00
1,907,843,1374,scannet,200,scene0109_00
1,908,233,1725,scannet,551,scene0301_01
1,909,1665,789,rio,789,scene0326_00-scene0326_01
1,910,1220,1512,scannet,338,scene0181_02
1,911,1866,2071,scannet,897,scene0505_01
1,912,1680,2370,scannet,1196,scene0705_01
1,913,6,788,rio,788,scene0325_02-scene0325_01
1,914,858,1769,scannet,595,scene0331_00
1,915,1973,1210,scannet,36,scene0018_00
1,916,430,1408,scannet,234,scene0123_00
1,917,169,1099,rio,1099,scene0446_02-scene0446_01
1,918,1232,684,rio,684,scene0282_01-scene0282_00
1,919,1907,1970,scannet,796,scene0448_00
1,920,1836,846,rio,846,scene0346_00-scene0346_01
1,921,1608,131,rio,131,scene0057_01-scene0057_02
1,922,243,2308,scannet,1134,scene0654_00
1,923,1283,1310,scannet,136,scene0073_02
1,924,1033,1009,rio,1009,scene0418_01-scene0418_00
1,925,1250,194,rio,194,scene0083_01-scene0083_02
1,926,497,1083,rio,1083,scene0442_01-scene0442_00
1,927,261,1507,scannet,333,scene0178_00
1,928,379,814,rio,814,scene0335_02-scene0335_01
1,929,1170,520,rio,520,scene0216_04-scene0216_00
1,930,1911,1158,rio,1158,scene0473_00-scene0473_02
1,931,1722,1168,rio,1168,scene0475_03-scene0475_00
1,932,1408,563,rio,563,scene0233_01-scene0233_00
1,933,358,1031,rio,1031,scene0424_04-scene0424_01
1,934,483,758,rio,758,scene0313_02-scene0313_01
1,935,323,2119,scannet,945,scene0529_02
1,936,1169,114,rio,114,scene0048_02-scene0048_01
1,937,669,233,rio,233,scene0098_01-scene0098_02
1,938,613,1030,rio,1030,scene0424_03-scene0424_04
1,939,408,695,rio,695,scene0287_02-scene0287_04
1,940,1966,1222,scannet,48,scene0027_01
1,941,1390,2209,scannet,1035,scene0587_01
1,942,1212,877,rio,877,scene0361_01-scene0361_00
1,943,1265,1554,scannet,380,scene0206_01
1,944,1577,668,rio,668,scene0276_03-scene0276_02
1,945,1310,216,rio,216,scene0092_00-scene0092_01
1,946,209,142,rio,142,scene0063_00-scene0063_02
1,947,0,1047,rio,1047,scene0427_03-scene0427_02
1,948,1309,2011,scannet,837,scene0469_02
1,949,1389,1280,scannet,106,scene0057_01
1,950,1551,641,rio,641,scene0265_00-scene0265_02
1,951,205,518,rio,518,scene0216_02-scene0216_03
1,952,1506,702,rio,702,scene0291_02-scene0291_01
1,953,241,766,rio,766,scene0315_01-scene0315_00
1,954,1158,1267,scannet,93,scene0051_02
1,955,1574,1906,scannet,732,scene0408_01
1,956,587,1287,scannet,113,scene0060_01
1,957,1754,384,rio,384,scene0169_01-scene0169_02
1,958,660,788,rio,788,scene0325_02-scene0325_01
1,959,1967,1454,scannet,280,scene0151_00
1,960,553,1288,scannet,114,scene0061_00
1,961,395,1990,scannet,816,scene0456_00
1,962,1337,952,rio,952,scene0395_00-scene0395_01
1,963,1590,135,rio,135,scene0058_02-scene0058_01
1,964,912,1116,rio,1116,scene0454_04-scene0454_00
1,965,647,394,rio,394,scene0173_02-scene0173_01
1,966,2089,1298,scannet,124,scene0067_01
1,967,248,375,rio,375,scene0166_00-scene0166_02
1,968,816,457,rio,457,scene0194_00-scene0194_01
1,969,867,1864,scannet,690,scene0385_02
1,970,212,1373,scannet,199,scene0108_00
1,971,1918,651,rio,651,scene0271_00-scene0271_01
1,972,1415,158,rio,158,scene0067_03-scene0067_00
1,973,333,270,rio,270,scene0116_01-scene0116_02
1,974,467,2316,scannet,1142,scene0659_01
1,975,741,202,rio,202,scene0085_00-scene0085_01
1,976,1847,2278,scannet,1104,scene0630_01
1,977,1589,694,rio,694,scene0287_01-scene0287_03
1,978,747,1346,scannet,172,scene0094_00
1,979,1742,797,rio,797,scene0328_00-scene0328_02
1,980,1345,518,rio,518,scene0216_02-scene0216_03
1,981,974,554,rio,554,scene0228_03-scene0228_02
1,982,1618,1502,scannet,328,scene0175_00
1,983,863,1096,rio,1096,scene0445_01-scene0445_00
1,984,1176,1770,scannet,596,scene0331_01
1,985,91,1101,rio,1101,scene0447_01-scene0447_00
1,986,1788,1709,scannet,535,scene0293_00
1,987,1491,1895,scannet,721,scene0401_00
1,988,1427,2172,scannet,998,scene0566_00
1,989,229,556,rio,556,scene0228_05-scene0228_03
1,990,1673,852,rio,852,scene0351_01-scene0351_00
1,991,1056,833,rio,833,scene0343_01-scene0343_00
1,992,1711,776,rio,776,scene0318_03-scene0318_02
1,993,2058,471,rio,471,scene0197_00-scene0197_04
1,994,1600,891,rio,891,scene0364_03-scene0364_00
1,995,1633,984,rio,984,scene0406_02-scene0406_01
1,996,513,167,rio,167,scene0071_02-scene0071_00
1,997,14,564,rio,564,scene0234_00-scene0234_03
1,998,632,677,rio,677,scene0277_07-scene0277_00
1,999,1206,969,rio,969,scene0403_00-scene0403_01
1,1000,437,2120,scannet,946,scene0530_00
1,1001,1890,1890,scannet,716,scene0398_01
1,1002,326,185,rio,185,scene0078_02-scene0078_00
1,1003,1049,47,rio,47,scene0016_01-scene0016_00
1,1004,1131,879,rio,879,scene0361_03-scene0361_04
1,1005,88,825,rio,825,scene0341_00-scene0341_01
1,1006,1960,2162,scannet,988,scene0556_01
1,1007,1572,1482,scannet,308,scene0165_02
1,1008,193,725,rio,725,scene0298_02-scene0298_01
1,1009,1746,284,rio,284,scene0122_02-scene0122_01
1,1010,883,2219,scannet,1045,scene0590_00
1,1011,376,619,rio,619,scene0256_00-scene0256_01
1,1012,662,250,rio,250,scene0106_00-scene0106_01
1,1013,485,1443,scannet,269,scene0142_01
1,1014,1102,138,rio,138,scene0061_02-scene0061_01
1,1015,1005,1245,scannet,71,scene0039_00
1,1016,490,2154,scannet,980,scene0548_00
1,1017,730,1379,scannet,205,scene0111_00
1,1018,2088,1457,scannet,283,scene0152_01
1,1019,1141,91,rio,91,scene0037_00-scene0037_02
1,1020,1953,769,rio,769,scene0317_00-scene0317_01
1,1021,1327,1654,scannet,480,scene0265_01
1,1022,1662,1890,scannet,716,scene0398_01
1,1023,4,577,rio,577,scene0237_01-scene0237_02
1,1024,1946,905,rio,905,scene0371_00-scene0371_01
1,1025,1357,1108,rio,1108,scene0452_01-scene0452_00
1,1026,1728,41,rio,41,scene0014_01-scene0014_02
1,1027,1342,1397,scannet,223,scene0118_00
1,1028,1904,585,rio,585,scene0243_00-scene0243_03
1,1029,901,1562,scannet,388,scene0211_01
1,1030,529,1804,scannet,630,scene0350_01
1,1031,190,1643,scannet,469,scene0261_01
1,1032,936,1695,scannet,521,scene0286_02
1,1033,2042,2110,scannet,936,scene0525_00
1,1034,995,397,rio,397,scene0174_02-scene0174_00
1,1035,1069,2307,scannet,1133,scene0650_00
1,1036,1095,588,rio,588,scene0243_03-scene0243_01
1,1037,1091,428,rio,428,scene0183_00-scene0183_03
1,1038,82,1979,scannet,805,scene0451_02
1,1039,1009,2158,scannet,984,scene0554_00
1,1040,1593,298,rio,298,scene0127_00-scene0127_01
1,1041,792,160,rio,160,scene0068_01-scene0068_02
1,1042,1036,1264,scannet,90,scene0049_00
1,1043,266,1356,scannet,182,scene0101_01
1,1044,1110,630,rio,630,scene0261_01-scene0261_00
1,1045,1753,1468,scannet,294,scene0159_00
1,1046,1153,2090,scannet,916,scene0514_00
1,1047,341,794,rio,794,scene0327_01-scene0327_03
1,1048,1779,547,rio,547,scene0226_00-scene0226_01
1,1049,1046,1450,scannet,276,scene0148_00
1,1050,1909,454,rio,454,scene0192_01-scene0192_00
1,1051,1218,1321,scannet,147,scene0079_01
1,1052,813,811,rio,811,scene0334_01-scene0334_00
1,1053,1251,572,rio,572,scene0235_01-scene0235_00
1,1054,608,1796,scannet,622,scene0347_01
1,1055,385,1195,scannet,21,scene0010_00
