method_id,method,order_id,horizon,sequence_count,tracker_initialization_horizon,task_metric_source,causal_prefix_t_mAP,causal_prefix_t_mAP50,causal_prefix_t_mAP25,causal_prefix_t_REC,causal_prefix_t_REC50,causal_prefix_t_REC25,current_stage_AP,current_stage_AP50,current_stage_AP25,current_stage_REC,deployment_id_switches,identity_transition_opportunities,fragmentation_count,fragmentation_opportunities,merge_count,merge_opportunities,gap_opportunities,recovery_attempts,correct_recoveries,normalized_id_switch_rate,fragmentation_rate,merge_rate,gap_recovery_accuracy,gap_recovery_recall
FullHistoryFrozenNative,ReScene4D T2-Frozen (Native IDs),all,2,129,2,frozen_full_history_cache,0.19099636375904083,0.2987154722213745,0.4959089159965515,0.34165626764297485,0.5186951160430908,0.6918497681617737,0.37085068225860596,0.5460096001625061,0.7594894170761108,0.49325576424598694,0,0,0,0,0,0,0,0,0,,,,,
FullHistoryFrozenNative,ReScene4D T2-Frozen (Native IDs),all,3,129,2,frozen_full_history_cache,0.10789728909730911,0.18514050543308258,0.34857818484306335,0.2476949393749237,0.4108293354511261,0.5680026412010193,0.3669058680534363,0.5608996748924255,0.767978847026825,0.49847909808158875,476,489,476,489,43,56,0,0,0,0.9734151329243353,0.9734151329243353,0.7678571428571429,,
FullHistoryFrozenNative,ReScene4D T2-Frozen (Native IDs),all,4,129,2,frozen_full_history_cache,0.06899910420179367,0.13188578188419342,0.24188090860843658,0.18835905194282532,0.32543787360191345,0.4589711129665375,0.36049994826316833,0.5663458108901978,0.7679016590118408,0.49829205870628357,981,1003,1128,1160,142,174,309,101,1,0.9780658025922233,0.9724137931034482,0.8160919540229885,0.009900990099009901,0.003236245954692557
FullHistoryFrozenNative,ReScene4D T2-Frozen (Native IDs),all,5,129,2,frozen_full_history_cache,0.045340124517679214,0.08561473339796066,0.16709297895431519,0.1365537792444229,0.23615474998950958,0.369904488325119,0.36372849345207214,0.5437174439430237,0.7705991864204407,0.4884997308254242,1513,1548,1873,1928,290,345,654,218,2,0.977390180878553,0.9714730290456431,0.8405797101449275,0.009174311926605505,0.0030581039755351682
FullHistoryFrozenB2,ReScene4D T2-Frozen + B2,all,2,129,2,frozen_full_history_cache,0.19099636375904083,0.2987154722213745,0.4959089159965515,0.34165626764297485,0.5186951160430908,0.6918497681617737,0.37085068225860596,0.5460096001625061,0.7594894170761108,0.49325576424598694,0,0,0,0,0,0,0,0,0,,,,,
FullHistoryFrozenB2,ReScene4D T2-Frozen + B2,all,3,129,2,frozen_full_history_cache,0.10789728909730911,0.18514050543308258,0.34857818484306335,0.2476949393749237,0.4108293354511261,0.5680026412010193,0.3669058680534363,0.5608996748924255,0.767978847026825,0.49847909808158875,68,489,68,489,69,490,0,0,0,0.1390593047034765,0.1390593047034765,0.14081632653061224,,
FullHistoryFrozenB2,ReScene4D T2-Frozen + B2,all,4,129,2,frozen_full_history_cache,0.06899910420179367,0.13188578188419342,0.24188090860843658,0.18835905194282532,0.32543787360191345,0.4589711129665375,0.36049994826316833,0.5663458108901978,0.7679016590118408,0.49829205870628357,142,1003,240,1160,129,1049,309,101,20,0.1415752741774676,0.20689655172413793,0.12297426120114395,0.19801980198019803,0.06472491909385113
FullHistoryFrozenB2,ReScene4D T2-Frozen + B2,all,5,129,2,frozen_full_history_cache,0.045340124517679214,0.08561473339796066,0.16709297895431519,0.1365537792444229,0.23615474998950958,0.369904488325119,0.36372849345207214,0.5437174439430237,0.7705991864204407,0.4884997308254242,223,1548,452,1928,204,1680,654,218,38,0.14405684754521964,0.23443983402489627,0.12142857142857143,0.1743119266055046,0.0581039755351682
FullHistoryAdaptedNative,ReScene4D T2-to-T3 Horizon-Adapted (Native IDs),all,2,129,2,adapted_checkpoint_cache,0.1918189823627472,0.30418089032173157,0.4912470877170563,0.3497549891471863,0.5316906571388245,0.6906276345252991,0.36342892050743103,0.5451523065567017,0.7454861998558044,0.4842585027217865,0,0,0,0,0,0,0,0,0,,,,,
FullHistoryAdaptedNative,ReScene4D T2-to-T3 Horizon-Adapted (Native IDs),all,3,129,2,adapted_checkpoint_cache,0.11801228672266006,0.19620032608509064,0.3662972152233124,0.2514578402042389,0.40119650959968567,0.5654443502426147,0.3518715798854828,0.5571088194847107,0.7565210461616516,0.5015684366226196,477,481,477,481,52,56,0,0,0,0.9916839916839917,0.9916839916839917,0.9285714285714286,,
FullHistoryAdaptedNative,ReScene4D T2-to-T3 Horizon-Adapted (Native IDs),all,4,129,2,adapted_checkpoint_cache,0.06991622596979141,0.1355152130126953,0.23581428825855255,0.18878377974033356,0.33079081773757935,0.4608917236328125,0.34501463174819946,0.5487847924232483,0.7573826313018799,0.47564274072647095,993,1003,1136,1149,163,176,309,97,0,0.9900299102691924,0.9886858137510879,0.9261363636363636,0.0,0.0
FullHistoryAdaptedNative,ReScene4D T2-to-T3 Horizon-Adapted (Native IDs),all,5,129,2,adapted_checkpoint_cache,0.045370083302259445,0.08469527214765549,0.1646450161933899,0.13116542994976044,0.23104968667030334,0.3619328737258911,0.3508146405220032,0.5396026968955994,0.751736581325531,0.4782400131225586,1513,1534,1862,1898,322,358,654,219,1,0.9863102998696219,0.9810326659641728,0.8994413407821229,0.0045662100456621,0.0015290519877675841
FullHistoryAdaptedB2,ReScene4D T2-to-T3 Horizon-Adapted + B2,all,2,129,2,adapted_checkpoint_cache,0.1918189823627472,0.30418089032173157,0.4912470877170563,0.3497549891471863,0.5316906571388245,0.6906276345252991,0.36342892050743103,0.5451523065567017,0.7454861998558044,0.4842585027217865,0,0,0,0,0,0,0,0,0,,,,,
FullHistoryAdaptedB2,ReScene4D T2-to-T3 Horizon-Adapted + B2,all,3,129,2,adapted_checkpoint_cache,0.11801228672266006,0.19620032608509064,0.3662972152233124,0.2514578402042389,0.40119650959968567,0.5654443502426147,0.3518715798854828,0.5571088194847107,0.7565210461616516,0.5015684366226196,58,481,58,481,68,491,0,0,0,0.12058212058212059,0.12058212058212059,0.1384928716904277,,
FullHistoryAdaptedB2,ReScene4D T2-to-T3 Horizon-Adapted + B2,all,4,129,2,adapted_checkpoint_cache,0.06991622596979141,0.1355152130126953,0.23581428825855255,0.18878377974033356,0.33079081773757935,0.4608917236328125,0.34501463174819946,0.5487847924232483,0.7573826313018799,0.47564274072647095,117,1003,207,1149,108,1050,309,97,21,0.11665004985044865,0.1801566579634465,0.10285714285714286,0.21649484536082475,0.06796116504854369
FullHistoryAdaptedB2,ReScene4D T2-to-T3 Horizon-Adapted + B2,all,5,129,2,adapted_checkpoint_cache,0.045370083302259445,0.08469527214765549,0.1646450161933899,0.13116542994976044,0.23104968667030334,0.3619328737258911,0.3508146405220032,0.5396026968955994,0.751736581325531,0.4782400131225586,200,1534,428,1898,191,1661,654,219,38,0.1303780964797914,0.22550052687038988,0.11499096929560505,0.1735159817351598,0.0581039755351682
Persist4D,Persist4D Persistent Entity State,all,2,129,1,frozen_persist4d_cache,0.15863607823848724,0.2756635546684265,0.4781670868396759,0.2724342346191406,0.382106751203537,0.5550395846366882,0.2900303304195404,0.46857950091362,0.6604762673377991,0.40812087059020996,47,463,47,463,80,496,0,0,0,0.10151187904967603,0.10151187904967603,0.16129032258064516,,
Persist4D,Persist4D Persistent Entity State,all,3,129,1,frozen_persist4d_cache,0.09889432787895203,0.19606494903564453,0.3549192547798157,0.19456875324249268,0.30214545130729675,0.44620054960250854,0.30016884207725525,0.49387311935424805,0.6779093146324158,0.4150903820991516,96,963,99,1106,159,1166,272,89,80,0.09968847352024922,0.08951175406871609,0.13636363636363635,0.898876404494382,0.29411764705882354
Persist4D,Persist4D Persistent Entity State,all,4,129,1,frozen_persist4d_cache,0.05956951901316643,0.13553611934185028,0.22074103355407715,0.13616830110549927,0.2372516244649887,0.31662553548812866,0.29914402961730957,0.4992165267467499,0.6799190044403076,0.4034278690814972,154,1488,167,1865,245,1943,696,246,207,0.10349462365591398,0.08954423592493298,0.12609366958311888,0.8414634146341463,0.2974137931034483
Persist4D,Persist4D Persistent Entity State,all,5,129,1,frozen_persist4d_cache,0.04449684917926788,0.10772459208965302,0.169673353433609,0.10665469616651535,0.19998401403427124,0.28682082891464233,0.3091486096382141,0.4908618927001953,0.6834797859191895,0.41561758518218994,226,2029,236,2673,317,2754,1093,395,341,0.11138491867915229,0.08829031051253274,0.11510530137981119,0.8632911392405064,0.3119853613906679
