config_id,config_json,stage,T,identity_switches,transition_opportunities,identity_switch_rate,wrong_reactivations,predicted_reactivation_events,correct_reactivations,reactivation_attempts,gap_opportunities,wrong_reactivation_rate,false_births,true_births,births,accepted_births,rejected_births,valid_birth_opportunities,false_birth_rate,cluster_metrics_json,reactivation_accuracy,reactivation_recall,accepted_valid_observations,total_valid_observations,frozen_b4_valid_observations,strict_online_tmap,strict_online_trec,full_eligible,stage_eligible,eligibility_reasons
p6b-ac87e28b0a7a116f,"{""active_threshold"":0.55,""assignment_mode"":""legacy_post_threshold"",""background_class"":18,""birth_confidence"":0.75,""birth_max_entropy"":0.5,""birth_minimum_mask_support"":128,""capacity"":100,""class_mode"":""foreground_normalized"",""class_weight"":0.15,""consolidation_confidence"":0.9,""consolidation_margin"":0.1,""mask_threshold"":0.5,""max_update_rate"":0.2,""reactivation_margin"":0.0,""reactivation_threshold"":0.95,""update_rate"":0.2}",class_compatibility,T2,25,349,0.07163323782234957,0,0,0,0,0,,292,779,1071,1071,221,1292,0.2260061919504644,"[{""births"":266,""correct_reactivations"":0,""false_births"":43,""gap_opportunities"":0,""identity_switches"":2,""predicted_reactivation_events"":0,""reactivation_attempts"":0,""reference_scene_id"":""10b17940-3938-2467-8a7a-958300ba83d3"",""rejected_births"":44,""sequence_metrics_evidence_sha256"":""37d52f2c433352b33a1de5b34b3fdc47539731ee14b8d17c89f9bcf51433b547"",""sequence_population_count"":30,""sequence_population_sha256"":""1a4d73fb75ab0a9796ca06e7ea6fef6b585821e8675957a09a267a150872fd24"",""strict_online_tmap"":null,""strict_online_trec"":null,""transition_opportunities"":99,""wrong_reactivations"":0},{""births"":372,""correct_reactivations"":0,""false_births"":82,""gap_opportunities"":0,""identity_switches"":15,""predicted_reactivation_events"":0,""reactivation_attempts"":0,""reference_scene_id"":""137a8158-1db5-2cc0-8003-31c12610471e"",""rejected_births"":58,""sequence_metrics_evidence_sha256"":""d0fca3aa1416839851ed41670577c35efb58dfe0821bd8233bb70b4dacc18a64"",""sequence_population_count"":36,""sequence_population_sha256"":""ca535ed0965fd5553a2babebf37df3f691e2273fba26605966fc404d539d400f"",""strict_online_tmap"":null,""strict_online_trec"":null,""transition_opportunities"":109,""wrong_reactivations"":0},{""births"":269,""correct_reactivations"":0,""false_births"":105,""gap_opportunities"":0,""identity_switches"":8,""predicted_reactivation_events"":0,""reactivation_attempts"":0,""reference_scene_id"":""280d8ebb-6cc6-2788-9153-98959a2da801"",""rejected_births"":93,""sequence_metrics_evidence_sha256"":""45d7ae690bf999a8a5893fb63386c5116b58c47a4080d5a8bec7be665ec81640"",""sequence_population_count"":15,""sequence_population_sha256"":""773e4b696055e55fa8cd031bf282d71d0cac845b8b6e42a5c7c488b2acbbc4a9"",""strict_online_tmap"":null,""strict_online_trec"":null,""transition_opportunities"":82,""wrong_reactivations"":0},{""births"":164,""correct_reactivations"":0,""false_births"":62,""gap_opportunities"":0,""identity_switches"":0,""predicted_reactivation_events"":0,""reactivation_attempts"":0,""reference_scene_id"":""5630cfcf-12bf-2860-8784-83d28a611a83"",""rejected_births"":26,""sequence_metrics_evidence_sha256"":""9eccce7f092d9548fba7ff6739f7487feaf4eaf45b667e3b98b73463173b96b4"",""sequence_population_count"":15,""sequence_population_sha256"":""9ea2ff690ff96fe768d42ff606d97c42b84c799435b438368e3cdaea0fe27e2f"",""strict_online_tmap"":null,""strict_online_trec"":null,""transition_opportunities"":59,""wrong_reactivations"":0}]",,,1697,1918,1918,,,False,True,valid_observation_ratio_below_minimum
p6b-ac87e28b0a7a116f,"{""active_threshold"":0.55,""assignment_mode"":""legacy_post_threshold"",""background_class"":18,""birth_confidence"":0.75,""birth_max_entropy"":0.5,""birth_minimum_mask_support"":128,""capacity"":100,""class_mode"":""foreground_normalized"",""class_weight"":0.15,""consolidation_confidence"":0.9,""consolidation_margin"":0.1,""mask_threshold"":0.5,""max_update_rate"":0.2,""reactivation_margin"":0.0,""reactivation_threshold"":0.95,""update_rate"":0.2}",class_compatibility,T3,72,797,0.0903387703889586,20,74,54,74,121,0.2702702702702703,369,862,1231,1231,289,1520,0.24276315789473685,"[{""births"":310,""correct_reactivations"":14,""false_births"":53,""gap_opportunities"":29,""identity_switches"":8,""predicted_reactivation_events"":15,""reactivation_attempts"":15,""reference_scene_id"":""10b17940-3938-2467-8a7a-958300ba83d3"",""rejected_births"":57,""sequence_metrics_evidence_sha256"":""4d2760713d91cdc340beecc8b49c97ee4dc6378bf55b95d08aafe2777754838e"",""sequence_population_count"":30,""sequence_population_sha256"":""1a4d73fb75ab0a9796ca06e7ea6fef6b585821e8675957a09a267a150872fd24"",""strict_online_tmap"":null,""strict_online_trec"":null,""transition_opportunities"":212,""wrong_reactivations"":1},{""births"":434,""correct_reactivations"":31,""false_births"":114,""gap_opportunities"":70,""identity_switches"":39,""predicted_reactivation_events"":50,""reactivation_attempts"":50,""reference_scene_id"":""137a8158-1db5-2cc0-8003-31c12610471e"",""rejected_births"":76,""sequence_metrics_evidence_sha256"":""5774673be4d8415c9ea34e91df04a560160c93de21deaaf220a9e4b714ad6fb3"",""sequence_population_count"":36,""sequence_population_sha256"":""ca535ed0965fd5553a2babebf37df3f691e2273fba26605966fc404d539d400f"",""strict_online_tmap"":null,""strict_online_trec"":null,""transition_opportunities"":268,""wrong_reactivations"":19},{""births"":303,""correct_reactivations"":5,""false_births"":127,""gap_opportunities"":10,""identity_switches"":20,""predicted_reactivation_events"":5,""reactivation_attempts"":5,""reference_scene_id"":""280d8ebb-6cc6-2788-9153-98959a2da801"",""rejected_births"":119,""sequence_metrics_evidence_sha256"":""ae021a1eca18ecd69c01ed9c86e1b2fdb3e528caf7d214b222aaf9f37effb3e7"",""sequence_population_count"":15,""sequence_population_sha256"":""773e4b696055e55fa8cd031bf282d71d0cac845b8b6e42a5c7c488b2acbbc4a9"",""strict_online_tmap"":null,""strict_online_trec"":null,""transition_opportunities"":190,""wrong_reactivations"":0},{""births"":184,""correct_reactivations"":4,""false_births"":75,""gap_opportunities"":12,""identity_switches"":5,""predicted_reactivation_events"":4,""reactivation_attempts"":4,""reference_scene_id"":""5630cfcf-12bf-2860-8784-83d28a611a83"",""rejected_births"":37,""sequence_metrics_evidence_sha256"":""aa08a6ea5a6b8ddb11f575d2a77434154c008778ad2e323a4909a5afb7136361"",""sequence_population_count"":15,""sequence_population_sha256"":""9ea2ff690ff96fe768d42ff606d97c42b84c799435b438368e3cdaea0fe27e2f"",""strict_online_tmap"":null,""strict_online_trec"":null,""transition_opportunities"":127,""wrong_reactivations"":0}]",0.7297297297297297,0.4462809917355372,2564,2853,2853,,,False,True,valid_observation_ratio_below_minimum
p6b-ac87e28b0a7a116f,"{""active_threshold"":0.55,""assignment_mode"":""legacy_post_threshold"",""background_class"":18,""birth_confidence"":0.75,""birth_max_entropy"":0.5,""birth_minimum_mask_support"":128,""capacity"":100,""class_mode"":""foreground_normalized"",""class_weight"":0.15,""consolidation_confidence"":0.9,""consolidation_margin"":0.1,""mask_threshold"":0.5,""max_update_rate"":0.2,""reactivation_margin"":0.0,""reactivation_threshold"":0.95,""update_rate"":0.2}",class_compatibility,T4,129,1308,0.09862385321100918,45,198,153,198,369,0.22727272727272727,459,929,1388,1388,367,1755,0.26153846153846155,"[{""births"":346,""correct_reactivations"":40,""false_births"":62,""gap_opportunities"":82,""identity_switches"":14,""predicted_reactivation_events"":42,""reactivation_attempts"":42,""reference_scene_id"":""10b17940-3938-2467-8a7a-958300ba83d3"",""rejected_births"":69,""sequence_metrics_evidence_sha256"":""dcba7bb820ad3382eddb0bea4e3d85da7ecea7a76f8e85a6eb991a639f857fcb"",""sequence_population_count"":30,""sequence_population_sha256"":""1a4d73fb75ab0a9796ca06e7ea6fef6b585821e8675957a09a267a150872fd24"",""strict_online_tmap"":null,""strict_online_trec"":null,""transition_opportunities"":333,""wrong_reactivations"":2},{""births"":498,""correct_reactivations"":73,""false_births"":157,""gap_opportunities"":180,""identity_switches"":80,""predicted_reactivation_events"":116,""reactivation_attempts"":116,""reference_scene_id"":""137a8158-1db5-2cc0-8003-31c12610471e"",""rejected_births"":94,""sequence_metrics_evidence_sha256"":""9e3a780b711303d14cf4e84bd853ca0f1e1eb362533289d535c7ded4730557ac"",""sequence_population_count"":36,""sequence_population_sha256"":""ca535ed0965fd5553a2babebf37df3f691e2273fba26605966fc404d539d400f"",""strict_online_tmap"":null,""strict_online_trec"":null,""transition_opportunities"":476,""wrong_reactivations"":43},{""births"":349,""correct_reactivations"":26,""false_births"":163,""gap_opportunities"":69,""identity_switches"":25,""predicted_reactivation_events"":26,""reactivation_attempts"":26,""reference_scene_id"":""280d8ebb-6cc6-2788-9153-98959a2da801"",""rejected_births"":156,""sequence_metrics_evidence_sha256"":""bbbf19db153daa618d0eac32273229c9d30bf9fadb4a7aff59ab7ba3f3da25f1"",""sequence_population_count"":15,""sequence_population_sha256"":""773e4b696055e55fa8cd031bf282d71d0cac845b8b6e42a5c7c488b2acbbc4a9"",""strict_online_tmap"":null,""strict_online_trec"":null,""transition_opportunities"":307,""wrong_reactivations"":0},{""births"":195,""correct_reactivations"":14,""false_births"":77,""gap_opportunities"":38,""identity_switches"":10,""predicted_reactivation_events"":14,""reactivation_attempts"":14,""reference_scene_id"":""5630cfcf-12bf-2860-8784-83d28a611a83"",""rejected_births"":48,""sequence_metrics_evidence_sha256"":""e3bb9ad4d0523485e98cdc5f6c675ffb7ff2d4d8d5e306551ed78bf5700519f8"",""sequence_population_count"":15,""sequence_population_sha256"":""9ea2ff690ff96fe768d42ff606d97c42b84c799435b438368e3cdaea0fe27e2f"",""strict_online_tmap"":null,""strict_online_trec"":null,""transition_opportunities"":192,""wrong_reactivations"":0}]",0.7727272727272727,0.4146341463414634,3477,3844,3844,,,False,True,valid_observation_ratio_below_minimum
p6b-ac87e28b0a7a116f,"{""active_threshold"":0.55,""assignment_mode"":""legacy_post_threshold"",""background_class"":18,""birth_confidence"":0.75,""birth_max_entropy"":0.5,""birth_minimum_mask_support"":128,""capacity"":100,""class_mode"":""foreground_normalized"",""class_weight"":0.15,""consolidation_confidence"":0.9,""consolidation_margin"":0.1,""mask_threshold"":0.5,""max_update_rate"":0.2,""reactivation_margin"":0.0,""reactivation_threshold"":0.95,""update_rate"":0.2}",class_compatibility,T5,191,1837,0.10397387044093631,68,334,266,334,632,0.20359281437125748,527,965,1492,1492,417,1909,0.27606076479832375,"[{""births"":373,""correct_reactivations"":66,""false_births"":75,""gap_opportunities"":146,""identity_switches"":27,""predicted_reactivation_events"":70,""reactivation_attempts"":70,""reference_scene_id"":""10b17940-3938-2467-8a7a-958300ba83d3"",""rejected_births"":77,""sequence_metrics_evidence_sha256"":""c12611136f2f45073cde8539faf9c37f89c9bbfd3101412ba9b4e143f6229415"",""sequence_population_count"":30,""sequence_population_sha256"":""1a4d73fb75ab0a9796ca06e7ea6fef6b585821e8675957a09a267a150872fd24"",""strict_online_tmap"":null,""strict_online_trec"":null,""transition_opportunities"":466,""wrong_reactivations"":4},{""births"":549,""correct_reactivations"":114,""false_births"":194,""gap_opportunities"":289,""identity_switches"":114,""predicted_reactivation_events"":173,""reactivation_attempts"":173,""reference_scene_id"":""137a8158-1db5-2cc0-8003-31c12610471e"",""rejected_births"":111,""sequence_metrics_evidence_sha256"":""78a559c59116b969e09875278d62ec3740d259ec6713d3d99cda8a689b81a048"",""sequence_population_count"":36,""sequence_population_sha256"":""ca535ed0965fd5553a2babebf37df3f691e2273fba26605966fc404d539d400f"",""strict_online_tmap"":null,""strict_online_trec"":null,""transition_opportunities"":675,""wrong_reactivations"":59},{""births"":369,""correct_reactivations"":45,""false_births"":179,""gap_opportunities"":115,""identity_switches"":40,""predicted_reactivation_events"":50,""reactivation_attempts"":50,""reference_scene_id"":""280d8ebb-6cc6-2788-9153-98959a2da801"",""rejected_births"":170,""sequence_metrics_evidence_sha256"":""5797eb2684f02952e1b8bc1019c28718f8e8488c75dbfd36c038b98422bef6ae"",""sequence_population_count"":15,""sequence_population_sha256"":""773e4b696055e55fa8cd031bf282d71d0cac845b8b6e42a5c7c488b2acbbc4a9"",""strict_online_tmap"":null,""strict_online_trec"":null,""transition_opportunities"":422,""wrong_reactivations"":5},{""births"":201,""correct_reactivations"":41,""false_births"":79,""gap_opportunities"":82,""identity_switches"":10,""predicted_reactivation_events"":41,""reactivation_attempts"":41,""reference_scene_id"":""5630cfcf-12bf-2860-8784-83d28a611a83"",""rejected_births"":59,""sequence_metrics_evidence_sha256"":""186a924ef67d42df6e231427c51bf85d278126fd63e9c856d01570a865c6e865"",""sequence_population_count"":15,""sequence_population_sha256"":""9ea2ff690ff96fe768d42ff606d97c42b84c799435b438368e3cdaea0fe27e2f"",""strict_online_tmap"":null,""strict_online_trec"":null,""transition_opportunities"":274,""wrong_reactivations"":0}]",0.7964071856287425,0.4208860759493671,4363,4780,4780,,,False,True,valid_observation_ratio_below_minimum
p6b-af864d06a8fbdb99,"{""active_threshold"":0.55,""assignment_mode"":""legacy_post_threshold"",""background_class"":18,""birth_confidence"":0.75,""birth_max_entropy"":0.5,""birth_minimum_mask_support"":128,""capacity"":100,""class_mode"":""foreground_normalized"",""class_weight"":0.25,""consolidation_confidence"":0.9,""consolidation_margin"":0.1,""mask_threshold"":0.5,""max_update_rate"":0.2,""reactivation_margin"":0.0,""reactivation_threshold"":0.95,""update_rate"":0.2}",class_compatibility,T2,25,349,0.07163323782234957,0,0,0,0,0,,291,774,1065,1065,221,1286,0.22628304821150855,"[{""births"":266,""correct_reactivations"":0,""false_births"":43,""gap_opportunities"":0,""identity_switches"":2,""predicted_reactivation_events"":0,""reactivation_attempts"":0,""reference_scene_id"":""10b17940-3938-2467-8a7a-958300ba83d3"",""rejected_births"":44,""sequence_metrics_evidence_sha256"":""37d52f2c433352b33a1de5b34b3fdc47539731ee14b8d17c89f9bcf51433b547"",""sequence_population_count"":30,""sequence_population_sha256"":""1a4d73fb75ab0a9796ca06e7ea6fef6b585821e8675957a09a267a150872fd24"",""strict_online_tmap"":null,""strict_online_trec"":null,""transition_opportunities"":99,""wrong_reactivations"":0},{""births"":371,""correct_reactivations"":0,""false_births"":81,""gap_opportunities"":0,""identity_switches"":15,""predicted_reactivation_events"":0,""reactivation_attempts"":0,""reference_scene_id"":""137a8158-1db5-2cc0-8003-31c12610471e"",""rejected_births"":58,""sequence_metrics_evidence_sha256"":""92a38ca9341216db805771a247282502801a401d66a882659a90b7bf5d77a6d2"",""sequence_population_count"":36,""sequence_population_sha256"":""ca535ed0965fd5553a2babebf37df3f691e2273fba26605966fc404d539d400f"",""strict_online_tmap"":null,""strict_online_trec"":null,""transition_opportunities"":109,""wrong_reactivations"":0},{""births"":264,""correct_reactivations"":0,""false_births"":105,""gap_opportunities"":0,""identity_switches"":8,""predicted_reactivation_events"":0,""reactivation_attempts"":0,""reference_scene_id"":""280d8ebb-6cc6-2788-9153-98959a2da801"",""rejected_births"":93,""sequence_metrics_evidence_sha256"":""8759436ce811a1c4cd05dd24da343a8d7cec7aff384ee764d14e07bf542efa4e"",""sequence_population_count"":15,""sequence_population_sha256"":""773e4b696055e55fa8cd031bf282d71d0cac845b8b6e42a5c7c488b2acbbc4a9"",""strict_online_tmap"":null,""strict_online_trec"":null,""transition_opportunities"":82,""wrong_reactivations"":0},{""births"":164,""correct_reactivations"":0,""false_births"":62,""gap_opportunities"":0,""identity_switches"":0,""predicted_reactivation_events"":0,""reactivation_attempts"":0,""reference_scene_id"":""5630cfcf-12bf-2860-8784-83d28a611a83"",""rejected_births"":26,""sequence_metrics_evidence_sha256"":""9eccce7f092d9548fba7ff6739f7487feaf4eaf45b667e3b98b73463173b96b4"",""sequence_population_count"":15,""sequence_population_sha256"":""9ea2ff690ff96fe768d42ff606d97c42b84c799435b438368e3cdaea0fe27e2f"",""strict_online_tmap"":null,""strict_online_trec"":null,""transition_opportunities"":59,""wrong_reactivations"":0}]",,,1697,1918,1918,,,False,True,valid_observation_ratio_below_minimum
p6b-af864d06a8fbdb99,"{""active_threshold"":0.55,""assignment_mode"":""legacy_post_threshold"",""background_class"":18,""birth_confidence"":0.75,""birth_max_entropy"":0.5,""birth_minimum_mask_support"":128,""capacity"":100,""class_mode"":""foreground_normalized"",""class_weight"":0.25,""consolidation_confidence"":0.9,""consolidation_margin"":0.1,""mask_threshold"":0.5,""max_update_rate"":0.2,""reactivation_margin"":0.0,""reactivation_threshold"":0.95,""update_rate"":0.2}",class_compatibility,T3,68,797,0.08531994981179424,16,74,58,74,121,0.21621621621621623,362,852,1214,1214,283,1497,0.24181696726786908,"[{""births"":305,""correct_reactivations"":15,""false_births"":52,""gap_opportunities"":29,""identity_switches"":7,""predicted_reactivation_events"":16,""reactivation_attempts"":16,""reference_scene_id"":""10b17940-3938-2467-8a7a-958300ba83d3"",""rejected_births"":60,""sequence_metrics_evidence_sha256"":""bd861eaa6cb692cb80627600e5aa8c6e7125b8e275afa7144cd2c5966de3095a"",""sequence_population_count"":30,""sequence_population_sha256"":""1a4d73fb75ab0a9796ca06e7ea6fef6b585821e8675957a09a267a150872fd24"",""strict_online_tmap"":null,""strict_online_trec"":null,""transition_opportunities"":212,""wrong_reactivations"":1},{""births"":428,""correct_reactivations"":34,""false_births"":108,""gap_opportunities"":70,""identity_switches"":36,""predicted_reactivation_events"":49,""reactivation_attempts"":49,""reference_scene_id"":""137a8158-1db5-2cc0-8003-31c12610471e"",""rejected_births"":72,""sequence_metrics_evidence_sha256"":""c96fffc542f667049b1cc360bd52bd05aa6959507900f21d642ccf465662a167"",""sequence_population_count"":36,""sequence_population_sha256"":""ca535ed0965fd5553a2babebf37df3f691e2273fba26605966fc404d539d400f"",""strict_online_tmap"":null,""strict_online_trec"":null,""transition_opportunities"":268,""wrong_reactivations"":15},{""births"":297,""correct_reactivations"":5,""false_births"":127,""gap_opportunities"":10,""identity_switches"":20,""predicted_reactivation_events"":5,""reactivation_attempts"":5,""reference_scene_id"":""280d8ebb-6cc6-2788-9153-98959a2da801"",""rejected_births"":114,""sequence_metrics_evidence_sha256"":""4e9b034b34b4d9b2fdea2b0a6eb44a82d411e5e1c9a6971fe22a5a3ce96ae531"",""sequence_population_count"":15,""sequence_population_sha256"":""773e4b696055e55fa8cd031bf282d71d0cac845b8b6e42a5c7c488b2acbbc4a9"",""strict_online_tmap"":null,""strict_online_trec"":null,""transition_opportunities"":190,""wrong_reactivations"":0},{""births"":184,""correct_reactivations"":4,""false_births"":75,""gap_opportunities"":12,""identity_switches"":5,""predicted_reactivation_events"":4,""reactivation_attempts"":4,""reference_scene_id"":""5630cfcf-12bf-2860-8784-83d28a611a83"",""rejected_births"":37,""sequence_metrics_evidence_sha256"":""aa08a6ea5a6b8ddb11f575d2a77434154c008778ad2e323a4909a5afb7136361"",""sequence_population_count"":15,""sequence_population_sha256"":""9ea2ff690ff96fe768d42ff606d97c42b84c799435b438368e3cdaea0fe27e2f"",""strict_online_tmap"":null,""strict_online_trec"":null,""transition_opportunities"":127,""wrong_reactivations"":0}]",0.7837837837837838,0.4793388429752066,2570,2853,2853,,,False,True,valid_observation_ratio_below_minimum
p6b-af864d06a8fbdb99,"{""active_threshold"":0.55,""assignment_mode"":""legacy_post_threshold"",""background_class"":18,""birth_confidence"":0.75,""birth_max_entropy"":0.5,""birth_minimum_mask_support"":128,""capacity"":100,""class_mode"":""foreground_normalized"",""class_weight"":0.25,""consolidation_confidence"":0.9,""consolidation_margin"":0.1,""mask_threshold"":0.5,""max_update_rate"":0.2,""reactivation_margin"":0.0,""reactivation_threshold"":0.95,""update_rate"":0.2}",class_compatibility,T4,126,1308,0.0963302752293578,51,204,153,204,369,0.25,446,915,1361,1361,359,1720,0.2593023255813954,"[{""births"":338,""correct_reactivations"":39,""false_births"":61,""gap_opportunities"":82,""identity_switches"":13,""predicted_reactivation_events"":43,""reactivation_attempts"":43,""reference_scene_id"":""10b17940-3938-2467-8a7a-958300ba83d3"",""rejected_births"":73,""sequence_metrics_evidence_sha256"":""786356cf10267aecfe22d3b4d397a3ab9e005806b73377304b1c69a48dc93a45"",""sequence_population_count"":30,""sequence_population_sha256"":""1a4d73fb75ab0a9796ca06e7ea6fef6b585821e8675957a09a267a150872fd24"",""strict_online_tmap"":null,""strict_online_trec"":null,""transition_opportunities"":333,""wrong_reactivations"":4},{""births"":486,""correct_reactivations"":78,""false_births"":146,""gap_opportunities"":180,""identity_switches"":78,""predicted_reactivation_events"":120,""reactivation_attempts"":120,""reference_scene_id"":""137a8158-1db5-2cc0-8003-31c12610471e"",""rejected_births"":90,""sequence_metrics_evidence_sha256"":""4cbd82e53261e334959f6aef55774f0c4bfb9e57ad390fc80774f8d18b017ae5"",""sequence_population_count"":36,""sequence_population_sha256"":""ca535ed0965fd5553a2babebf37df3f691e2273fba26605966fc404d539d400f"",""strict_online_tmap"":null,""strict_online_trec"":null,""transition_opportunities"":476,""wrong_reactivations"":42},{""births"":342,""correct_reactivations"":22,""false_births"":162,""gap_opportunities"":69,""identity_switches"":25,""predicted_reactivation_events"":27,""reactivation_attempts"":27,""reference_scene_id"":""280d8ebb-6cc6-2788-9153-98959a2da801"",""rejected_births"":148,""sequence_metrics_evidence_sha256"":""185e3f005f59244084e1933b97f411ecdfff649d52635b7608e0b44defae246c"",""sequence_population_count"":15,""sequence_population_sha256"":""773e4b696055e55fa8cd031bf282d71d0cac845b8b6e42a5c7c488b2acbbc4a9"",""strict_online_tmap"":null,""strict_online_trec"":null,""transition_opportunities"":307,""wrong_reactivations"":5},{""births"":195,""correct_reactivations"":14,""false_births"":77,""gap_opportunities"":38,""identity_switches"":10,""predicted_reactivation_events"":14,""reactivation_attempts"":14,""reference_scene_id"":""5630cfcf-12bf-2860-8784-83d28a611a83"",""rejected_births"":48,""sequence_metrics_evidence_sha256"":""e3bb9ad4d0523485e98cdc5f6c675ffb7ff2d4d8d5e306551ed78bf5700519f8"",""sequence_population_count"":15,""sequence_population_sha256"":""9ea2ff690ff96fe768d42ff606d97c42b84c799435b438368e3cdaea0fe27e2f"",""strict_online_tmap"":null,""strict_online_trec"":null,""transition_opportunities"":192,""wrong_reactivations"":0}]",0.75,0.4146341463414634,3485,3844,3844,,,False,True,valid_observation_ratio_below_minimum
p6b-af864d06a8fbdb99,"{""active_threshold"":0.55,""assignment_mode"":""legacy_post_threshold"",""background_class"":18,""birth_confidence"":0.75,""birth_max_entropy"":0.5,""birth_minimum_mask_support"":128,""capacity"":100,""class_mode"":""foreground_normalized"",""class_weight"":0.25,""consolidation_confidence"":0.9,""consolidation_margin"":0.1,""mask_threshold"":0.5,""max_update_rate"":0.2,""reactivation_margin"":0.0,""reactivation_threshold"":0.95,""update_rate"":0.2}",class_compatibility,T5,184,1838,0.10010881392818281,80,346,266,346,631,0.23121387283236994,511,947,1458,1458,399,1857,0.27517501346257406,"[{""births"":360,""correct_reactivations"":68,""false_births"":71,""gap_opportunities"":146,""identity_switches"":21,""predicted_reactivation_events"":74,""reactivation_attempts"":74,""reference_scene_id"":""10b17940-3938-2467-8a7a-958300ba83d3"",""rejected_births"":81,""sequence_metrics_evidence_sha256"":""3d9c1da56f490fe2201d9e70113eeda92cdfe5c52ee9c7b842ba1a80d05c0b70"",""sequence_population_count"":30,""sequence_population_sha256"":""1a4d73fb75ab0a9796ca06e7ea6fef6b585821e8675957a09a267a150872fd24"",""strict_online_tmap"":null,""strict_online_trec"":null,""transition_opportunities"":465,""wrong_reactivations"":6},{""births"":536,""correct_reactivations"":120,""false_births"":184,""gap_opportunities"":289,""identity_switches"":112,""predicted_reactivation_events"":178,""reactivation_attempts"":178,""reference_scene_id"":""137a8158-1db5-2cc0-8003-31c12610471e"",""rejected_births"":104,""sequence_metrics_evidence_sha256"":""109bb9179b9ec9c11addd40ab9948d3bb3d68eb1d0009de879164d5116bff4ba"",""sequence_population_count"":36,""sequence_population_sha256"":""ca535ed0965fd5553a2babebf37df3f691e2273fba26605966fc404d539d400f"",""strict_online_tmap"":null,""strict_online_trec"":null,""transition_opportunities"":676,""wrong_reactivations"":58},{""births"":361,""correct_reactivations"":37,""false_births"":177,""gap_opportunities"":114,""identity_switches"":41,""predicted_reactivation_events"":53,""reactivation_attempts"":53,""reference_scene_id"":""280d8ebb-6cc6-2788-9153-98959a2da801"",""rejected_births"":160,""sequence_metrics_evidence_sha256"":""d2c91f8245d6a91075cfaabc8068c0946ac4efae332555ae0b52e487748e2aa1"",""sequence_population_count"":15,""sequence_population_sha256"":""773e4b696055e55fa8cd031bf282d71d0cac845b8b6e42a5c7c488b2acbbc4a9"",""strict_online_tmap"":null,""strict_online_trec"":null,""transition_opportunities"":423,""wrong_reactivations"":16},{""births"":201,""correct_reactivations"":41,""false_births"":79,""gap_opportunities"":82,""identity_switches"":10,""predicted_reactivation_events"":41,""reactivation_attempts"":41,""reference_scene_id"":""5630cfcf-12bf-2860-8784-83d28a611a83"",""rejected_births"":54,""sequence_metrics_evidence_sha256"":""4b917089bf7a7f4d59d7a2a8594d330555311f082d1fce9a8196789f430ad8ea"",""sequence_population_count"":15,""sequence_population_sha256"":""9ea2ff690ff96fe768d42ff606d97c42b84c799435b438368e3cdaea0fe27e2f"",""strict_online_tmap"":null,""strict_online_trec"":null,""transition_opportunities"":274,""wrong_reactivations"":0}]",0.7687861271676301,0.4215530903328051,4381,4780,4780,,,False,True,valid_observation_ratio_below_minimum
p6b-21122711e56fc39b,"{""active_threshold"":0.55,""assignment_mode"":""legacy_post_threshold"",""background_class"":18,""birth_confidence"":0.75,""birth_max_entropy"":0.5,""birth_minimum_mask_support"":128,""capacity"":100,""class_mode"":""foreground_normalized"",""class_weight"":0.35,""consolidation_confidence"":0.9,""consolidation_margin"":0.1,""mask_threshold"":0.5,""max_update_rate"":0.2,""reactivation_margin"":0.0,""reactivation_threshold"":0.95,""update_rate"":0.2}",class_compatibility,T2,25,349,0.07163323782234957,0,0,0,0,0,,291,774,1065,1065,214,1279,0.22752150117279124,"[{""births"":266,""correct_reactivations"":0,""false_births"":43,""gap_opportunities"":0,""identity_switches"":2,""predicted_reactivation_events"":0,""reactivation_attempts"":0,""reference_scene_id"":""10b17940-3938-2467-8a7a-958300ba83d3"",""rejected_births"":42,""sequence_metrics_evidence_sha256"":""2a97f832dac14423ceeeaa0db9b23d7b346473620bb5e0df1cdbf2353b61ac88"",""sequence_population_count"":30,""sequence_population_sha256"":""1a4d73fb75ab0a9796ca06e7ea6fef6b585821e8675957a09a267a150872fd24"",""strict_online_tmap"":null,""strict_online_trec"":null,""transition_opportunities"":99,""wrong_reactivations"":0},{""births"":371,""correct_reactivations"":0,""false_births"":81,""gap_opportunities"":0,""identity_switches"":15,""predicted_reactivation_events"":0,""reactivation_attempts"":0,""reference_scene_id"":""137a8158-1db5-2cc0-8003-31c12610471e"",""rejected_births"":58,""sequence_metrics_evidence_sha256"":""92a38ca9341216db805771a247282502801a401d66a882659a90b7bf5d77a6d2"",""sequence_population_count"":36,""sequence_population_sha256"":""ca535ed0965fd5553a2babebf37df3f691e2273fba26605966fc404d539d400f"",""strict_online_tmap"":null,""strict_online_trec"":null,""transition_opportunities"":109,""wrong_reactivations"":0},{""births"":264,""correct_reactivations"":0,""false_births"":105,""gap_opportunities"":0,""identity_switches"":8,""predicted_reactivation_events"":0,""reactivation_attempts"":0,""reference_scene_id"":""280d8ebb-6cc6-2788-9153-98959a2da801"",""rejected_births"":88,""sequence_metrics_evidence_sha256"":""e445def285889c9c2c89e1822328abdb039f1177efc41d57c09c3fbfc2da887c"",""sequence_population_count"":15,""sequence_population_sha256"":""773e4b696055e55fa8cd031bf282d71d0cac845b8b6e42a5c7c488b2acbbc4a9"",""strict_online_tmap"":null,""strict_online_trec"":null,""transition_opportunities"":82,""wrong_reactivations"":0},{""births"":164,""correct_reactivations"":0,""false_births"":62,""gap_opportunities"":0,""identity_switches"":0,""predicted_reactivation_events"":0,""reactivation_attempts"":0,""reference_scene_id"":""5630cfcf-12bf-2860-8784-83d28a611a83"",""rejected_births"":26,""sequence_metrics_evidence_sha256"":""9eccce7f092d9548fba7ff6739f7487feaf4eaf45b667e3b98b73463173b96b4"",""sequence_population_count"":15,""sequence_population_sha256"":""9ea2ff690ff96fe768d42ff606d97c42b84c799435b438368e3cdaea0fe27e2f"",""strict_online_tmap"":null,""strict_online_trec"":null,""transition_opportunities"":59,""wrong_reactivations"":0}]",,,1704,1918,1918,,,False,True,valid_observation_ratio_below_minimum
p6b-21122711e56fc39b,"{""active_threshold"":0.55,""assignment_mode"":""legacy_post_threshold"",""background_class"":18,""birth_confidence"":0.75,""birth_max_entropy"":0.5,""birth_minimum_mask_support"":128,""capacity"":100,""class_mode"":""foreground_normalized"",""class_weight"":0.35,""consolidation_confidence"":0.9,""consolidation_margin"":0.1,""mask_threshold"":0.5,""max_update_rate"":0.2,""reactivation_margin"":0.0,""reactivation_threshold"":0.95,""update_rate"":0.2}",class_compatibility,T3,68,797,0.08531994981179424,16,74,58,74,121,0.21621621621621623,362,849,1211,1211,273,1484,0.24393530997304583,"[{""births"":303,""correct_reactivations"":15,""false_births"":52,""gap_opportunities"":29,""identity_switches"":7,""predicted_reactivation_events"":16,""reactivation_attempts"":16,""reference_scene_id"":""10b17940-3938-2467-8a7a-958300ba83d3"",""rejected_births"":57,""sequence_metrics_evidence_sha256"":""ff24c16dd5094c02dcbd3d62f8e432f153a2159e9b5bb4832e3ad21b779c85d2"",""sequence_population_count"":30,""sequence_population_sha256"":""1a4d73fb75ab0a9796ca06e7ea6fef6b585821e8675957a09a267a150872fd24"",""strict_online_tmap"":null,""strict_online_trec"":null,""transition_opportunities"":212,""wrong_reactivations"":1},{""births"":428,""correct_reactivations"":34,""false_births"":108,""gap_opportunities"":70,""identity_switches"":36,""predicted_reactivation_events"":49,""reactivation_attempts"":49,""reference_scene_id"":""137a8158-1db5-2cc0-8003-31c12610471e"",""rejected_births"":71,""sequence_metrics_evidence_sha256"":""b66415e823041df15e953257be7b7b4e6e7979488c7309e651cf469f82d6bc24"",""sequence_population_count"":36,""sequence_population_sha256"":""ca535ed0965fd5553a2babebf37df3f691e2273fba26605966fc404d539d400f"",""strict_online_tmap"":null,""strict_online_trec"":null,""transition_opportunities"":268,""wrong_reactivations"":15},{""births"":296,""correct_reactivations"":5,""false_births"":127,""gap_opportunities"":10,""identity_switches"":20,""predicted_reactivation_events"":5,""reactivation_attempts"":5,""reference_scene_id"":""280d8ebb-6cc6-2788-9153-98959a2da801"",""rejected_births"":108,""sequence_metrics_evidence_sha256"":""670a738fa61a982898a6d41ea1f764a237bf656899d02dfad52b4e36c0755ac4"",""sequence_population_count"":15,""sequence_population_sha256"":""773e4b696055e55fa8cd031bf282d71d0cac845b8b6e42a5c7c488b2acbbc4a9"",""strict_online_tmap"":null,""strict_online_trec"":null,""transition_opportunities"":190,""wrong_reactivations"":0},{""births"":184,""correct_reactivations"":4,""false_births"":75,""gap_opportunities"":12,""identity_switches"":5,""predicted_reactivation_events"":4,""reactivation_attempts"":4,""reference_scene_id"":""5630cfcf-12bf-2860-8784-83d28a611a83"",""rejected_births"":37,""sequence_metrics_evidence_sha256"":""aa08a6ea5a6b8ddb11f575d2a77434154c008778ad2e323a4909a5afb7136361"",""sequence_population_count"":15,""sequence_population_sha256"":""9ea2ff690ff96fe768d42ff606d97c42b84c799435b438368e3cdaea0fe27e2f"",""strict_online_tmap"":null,""strict_online_trec"":null,""transition_opportunities"":127,""wrong_reactivations"":0}]",0.7837837837837838,0.4793388429752066,2580,2853,2853,,,False,True,valid_observation_ratio_below_minimum
p6b-21122711e56fc39b,"{""active_threshold"":0.55,""assignment_mode"":""legacy_post_threshold"",""background_class"":18,""birth_confidence"":0.75,""birth_max_entropy"":0.5,""birth_minimum_mask_support"":128,""capacity"":100,""class_mode"":""foreground_normalized"",""class_weight"":0.35,""consolidation_confidence"":0.9,""consolidation_margin"":0.1,""mask_threshold"":0.5,""max_update_rate"":0.2,""reactivation_margin"":0.0,""reactivation_threshold"":0.95,""update_rate"":0.2}",class_compatibility,T4,128,1309,0.09778456837280367,54,204,150,204,369,0.2647058823529412,448,908,1356,1356,345,1701,0.26337448559670784,"[{""births"":335,""correct_reactivations"":38,""false_births"":62,""gap_opportunities"":82,""identity_switches"":14,""predicted_reactivation_events"":43,""reactivation_attempts"":43,""reference_scene_id"":""10b17940-3938-2467-8a7a-958300ba83d3"",""rejected_births"":69,""sequence_metrics_evidence_sha256"":""719a72ea7ee95f2b4d691552dd5beaefa367273190560a2c966188bfc66ee4f4"",""sequence_population_count"":30,""sequence_population_sha256"":""1a4d73fb75ab0a9796ca06e7ea6fef6b585821e8675957a09a267a150872fd24"",""strict_online_tmap"":null,""strict_online_trec"":null,""transition_opportunities"":333,""wrong_reactivations"":5},{""births"":486,""correct_reactivations"":77,""false_births"":146,""gap_opportunities"":180,""identity_switches"":78,""predicted_reactivation_events"":120,""reactivation_attempts"":120,""reference_scene_id"":""137a8158-1db5-2cc0-8003-31c12610471e"",""rejected_births"":87,""sequence_metrics_evidence_sha256"":""0d0c5c22ccfa3fb9e83741a84f9eba3b81cc4ce124d7237d465d2dd3eebdde55"",""sequence_population_count"":36,""sequence_population_sha256"":""ca535ed0965fd5553a2babebf37df3f691e2273fba26605966fc404d539d400f"",""strict_online_tmap"":null,""strict_online_trec"":null,""transition_opportunities"":476,""wrong_reactivations"":43},{""births"":340,""correct_reactivations"":21,""false_births"":163,""gap_opportunities"":69,""identity_switches"":26,""predicted_reactivation_events"":27,""reactivation_attempts"":27,""reference_scene_id"":""280d8ebb-6cc6-2788-9153-98959a2da801"",""rejected_births"":141,""sequence_metrics_evidence_sha256"":""73dad7cac1929a6003d3b7b25691830d5eb4ca302db44bcf8c51c9280be172a9"",""sequence_population_count"":15,""sequence_population_sha256"":""773e4b696055e55fa8cd031bf282d71d0cac845b8b6e42a5c7c488b2acbbc4a9"",""strict_online_tmap"":null,""strict_online_trec"":null,""transition_opportunities"":308,""wrong_reactivations"":6},{""births"":195,""correct_reactivations"":14,""false_births"":77,""gap_opportunities"":38,""identity_switches"":10,""predicted_reactivation_events"":14,""reactivation_attempts"":14,""reference_scene_id"":""5630cfcf-12bf-2860-8784-83d28a611a83"",""rejected_births"":48,""sequence_metrics_evidence_sha256"":""e3bb9ad4d0523485e98cdc5f6c675ffb7ff2d4d8d5e306551ed78bf5700519f8"",""sequence_population_count"":15,""sequence_population_sha256"":""9ea2ff690ff96fe768d42ff606d97c42b84c799435b438368e3cdaea0fe27e2f"",""strict_online_tmap"":null,""strict_online_trec"":null,""transition_opportunities"":192,""wrong_reactivations"":0}]",0.7352941176470589,0.4065040650406504,3499,3844,3844,,,False,True,valid_observation_ratio_below_minimum
p6b-21122711e56fc39b,"{""active_threshold"":0.55,""assignment_mode"":""legacy_post_threshold"",""background_class"":18,""birth_confidence"":0.75,""birth_max_entropy"":0.5,""birth_minimum_mask_support"":128,""capacity"":100,""class_mode"":""foreground_normalized"",""class_weight"":0.35,""consolidation_confidence"":0.9,""consolidation_margin"":0.1,""mask_threshold"":0.5,""max_update_rate"":0.2,""reactivation_margin"":0.0,""reactivation_threshold"":0.95,""update_rate"":0.2}",class_compatibility,T5,188,1840,0.10217391304347827,88,348,260,348,631,0.25287356321839083,514,941,1455,1455,383,1838,0.279651795429815,"[{""births"":359,""correct_reactivations"":66,""false_births"":73,""gap_opportunities"":146,""identity_switches"":24,""predicted_reactivation_events"":75,""reactivation_attempts"":75,""reference_scene_id"":""10b17940-3938-2467-8a7a-958300ba83d3"",""rejected_births"":76,""sequence_metrics_evidence_sha256"":""2a9d2d1727640fa485a56949016e84c1f85f7cb2ab6620ff566efaac568bac19"",""sequence_population_count"":30,""sequence_population_sha256"":""1a4d73fb75ab0a9796ca06e7ea6fef6b585821e8675957a09a267a150872fd24"",""strict_online_tmap"":null,""strict_online_trec"":null,""transition_opportunities"":466,""wrong_reactivations"":9},{""births"":535,""correct_reactivations"":118,""false_births"":183,""gap_opportunities"":289,""identity_switches"":111,""predicted_reactivation_events"":179,""reactivation_attempts"":179,""reference_scene_id"":""137a8158-1db5-2cc0-8003-31c12610471e"",""rejected_births"":100,""sequence_metrics_evidence_sha256"":""21db1ceaf522a209c8d21b6194738faf1408166f5e3473f190876071d2762acc"",""sequence_population_count"":36,""sequence_population_sha256"":""ca535ed0965fd5553a2babebf37df3f691e2273fba26605966fc404d539d400f"",""strict_online_tmap"":null,""strict_online_trec"":null,""transition_opportunities"":676,""wrong_reactivations"":61},{""births"":360,""correct_reactivations"":35,""false_births"":179,""gap_opportunities"":114,""identity_switches"":43,""predicted_reactivation_events"":53,""reactivation_attempts"":53,""reference_scene_id"":""280d8ebb-6cc6-2788-9153-98959a2da801"",""rejected_births"":153,""sequence_metrics_evidence_sha256"":""29f2f81d75dbe0c7f3fa3e744e938483bdca490eec24f7a69fe8c47a58fb9731"",""sequence_population_count"":15,""sequence_population_sha256"":""773e4b696055e55fa8cd031bf282d71d0cac845b8b6e42a5c7c488b2acbbc4a9"",""strict_online_tmap"":null,""strict_online_trec"":null,""transition_opportunities"":424,""wrong_reactivations"":18},{""births"":201,""correct_reactivations"":41,""false_births"":79,""gap_opportunities"":82,""identity_switches"":10,""predicted_reactivation_events"":41,""reactivation_attempts"":41,""reference_scene_id"":""5630cfcf-12bf-2860-8784-83d28a611a83"",""rejected_births"":54,""sequence_metrics_evidence_sha256"":""4b917089bf7a7f4d59d7a2a8594d330555311f082d1fce9a8196789f430ad8ea"",""sequence_population_count"":15,""sequence_population_sha256"":""9ea2ff690ff96fe768d42ff606d97c42b84c799435b438368e3cdaea0fe27e2f"",""strict_online_tmap"":null,""strict_online_trec"":null,""transition_opportunities"":274,""wrong_reactivations"":0}]",0.7471264367816092,0.4120443740095087,4397,4780,4780,,,False,True,valid_observation_ratio_below_minimum
p6b-9f2abc3112024e02,"{""active_threshold"":0.55,""assignment_mode"":""legacy_post_threshold"",""background_class"":18,""birth_confidence"":0.75,""birth_max_entropy"":0.5,""birth_minimum_mask_support"":128,""capacity"":100,""class_mode"":""full"",""class_weight"":0.15,""consolidation_confidence"":0.9,""consolidation_margin"":0.1,""mask_threshold"":0.5,""max_update_rate"":0.2,""reactivation_margin"":0.0,""reactivation_threshold"":0.95,""update_rate"":0.2}",class_compatibility,T2,26,349,0.07449856733524356,0,0,0,0,0,,293,779,1072,1072,226,1298,0.22573189522342066,"[{""births"":267,""correct_reactivations"":0,""false_births"":44,""gap_opportunities"":0,""identity_switches"":3,""predicted_reactivation_events"":0,""reactivation_attempts"":0,""reference_scene_id"":""10b17940-3938-2467-8a7a-958300ba83d3"",""rejected_births"":44,""sequence_metrics_evidence_sha256"":""9ec78c1fd26dd611273ade80a423547a73defec581239afa5ba953e11561bc03"",""sequence_population_count"":30,""sequence_population_sha256"":""1a4d73fb75ab0a9796ca06e7ea6fef6b585821e8675957a09a267a150872fd24"",""strict_online_tmap"":null,""strict_online_trec"":null,""transition_opportunities"":99,""wrong_reactivations"":0},{""births"":372,""correct_reactivations"":0,""false_births"":82,""gap_opportunities"":0,""identity_switches"":15,""predicted_reactivation_events"":0,""reactivation_attempts"":0,""reference_scene_id"":""137a8158-1db5-2cc0-8003-31c12610471e"",""rejected_births"":58,""sequence_metrics_evidence_sha256"":""d0fca3aa1416839851ed41670577c35efb58dfe0821bd8233bb70b4dacc18a64"",""sequence_population_count"":36,""sequence_population_sha256"":""ca535ed0965fd5553a2babebf37df3f691e2273fba26605966fc404d539d400f"",""strict_online_tmap"":null,""strict_online_trec"":null,""transition_opportunities"":109,""wrong_reactivations"":0},{""births"":269,""correct_reactivations"":0,""false_births"":105,""gap_opportunities"":0,""identity_switches"":8,""predicted_reactivation_events"":0,""reactivation_attempts"":0,""reference_scene_id"":""280d8ebb-6cc6-2788-9153-98959a2da801"",""rejected_births"":98,""sequence_metrics_evidence_sha256"":""65cc31db7bd4bb883c5eb1e8762147e910d8e7afcb041ef1f7fcd3cd32eb6b7f"",""sequence_population_count"":15,""sequence_population_sha256"":""773e4b696055e55fa8cd031bf282d71d0cac845b8b6e42a5c7c488b2acbbc4a9"",""strict_online_tmap"":null,""strict_online_trec"":null,""transition_opportunities"":82,""wrong_reactivations"":0},{""births"":164,""correct_reactivations"":0,""false_births"":62,""gap_opportunities"":0,""identity_switches"":0,""predicted_reactivation_events"":0,""reactivation_attempts"":0,""reference_scene_id"":""5630cfcf-12bf-2860-8784-83d28a611a83"",""rejected_births"":26,""sequence_metrics_evidence_sha256"":""9eccce7f092d9548fba7ff6739f7487feaf4eaf45b667e3b98b73463173b96b4"",""sequence_population_count"":15,""sequence_population_sha256"":""9ea2ff690ff96fe768d42ff606d97c42b84c799435b438368e3cdaea0fe27e2f"",""strict_online_tmap"":null,""strict_online_trec"":null,""transition_opportunities"":59,""wrong_reactivations"":0}]",,,1692,1918,1918,,,False,True,valid_observation_ratio_below_minimum
p6b-9f2abc3112024e02,"{""active_threshold"":0.55,""assignment_mode"":""legacy_post_threshold"",""background_class"":18,""birth_confidence"":0.75,""birth_max_entropy"":0.5,""birth_minimum_mask_support"":128,""capacity"":100,""class_mode"":""full"",""class_weight"":0.15,""consolidation_confidence"":0.9,""consolidation_margin"":0.1,""mask_threshold"":0.5,""max_update_rate"":0.2,""reactivation_margin"":0.0,""reactivation_threshold"":0.95,""update_rate"":0.2}",class_compatibility,T3,74,796,0.09296482412060302,20,73,53,73,121,0.273972602739726,371,862,1233,1233,301,1534,0.24185136897001303,"[{""births"":313,""correct_reactivations"":14,""false_births"":56,""gap_opportunities"":29,""identity_switches"":9,""predicted_reactivation_events"":15,""reactivation_attempts"":15,""reference_scene_id"":""10b17940-3938-2467-8a7a-958300ba83d3"",""rejected_births"":57,""sequence_metrics_evidence_sha256"":""2bb4119b4f17aef3771c82ed8113b58a4b59bd7794b20b1a44cabd593ad8a68f"",""sequence_population_count"":30,""sequence_population_sha256"":""1a4d73fb75ab0a9796ca06e7ea6fef6b585821e8675957a09a267a150872fd24"",""strict_online_tmap"":null,""strict_online_trec"":null,""transition_opportunities"":212,""wrong_reactivations"":1},{""births"":434,""correct_reactivations"":30,""false_births"":114,""gap_opportunities"":70,""identity_switches"":39,""predicted_reactivation_events"":49,""reactivation_attempts"":49,""reference_scene_id"":""137a8158-1db5-2cc0-8003-31c12610471e"",""rejected_births"":77,""sequence_metrics_evidence_sha256"":""c23943eef23059e341cfd4e0908bc2807b067175a7ad74edfa31d0341be1baf8"",""sequence_population_count"":36,""sequence_population_sha256"":""ca535ed0965fd5553a2babebf37df3f691e2273fba26605966fc404d539d400f"",""strict_online_tmap"":null,""strict_online_trec"":null,""transition_opportunities"":267,""wrong_reactivations"":19},{""births"":302,""correct_reactivations"":5,""false_births"":126,""gap_opportunities"":10,""identity_switches"":21,""predicted_reactivation_events"":5,""reactivation_attempts"":5,""reference_scene_id"":""280d8ebb-6cc6-2788-9153-98959a2da801"",""rejected_births"":130,""sequence_metrics_evidence_sha256"":""7cc662d11cdc6ae883bcd7bc2b392d3bcc1933e27d3712b13187364f9b3c3974"",""sequence_population_count"":15,""sequence_population_sha256"":""773e4b696055e55fa8cd031bf282d71d0cac845b8b6e42a5c7c488b2acbbc4a9"",""strict_online_tmap"":null,""strict_online_trec"":null,""transition_opportunities"":190,""wrong_reactivations"":0},{""births"":184,""correct_reactivations"":4,""false_births"":75,""gap_opportunities"":12,""identity_switches"":5,""predicted_reactivation_events"":4,""reactivation_attempts"":4,""reference_scene_id"":""5630cfcf-12bf-2860-8784-83d28a611a83"",""rejected_births"":37,""sequence_metrics_evidence_sha256"":""aa08a6ea5a6b8ddb11f575d2a77434154c008778ad2e323a4909a5afb7136361"",""sequence_population_count"":15,""sequence_population_sha256"":""9ea2ff690ff96fe768d42ff606d97c42b84c799435b438368e3cdaea0fe27e2f"",""strict_online_tmap"":null,""strict_online_trec"":null,""transition_opportunities"":127,""wrong_reactivations"":0}]",0.726027397260274,0.4380165289256198,2552,2853,2853,,,False,True,valid_observation_ratio_below_minimum
p6b-9f2abc3112024e02,"{""active_threshold"":0.55,""assignment_mode"":""legacy_post_threshold"",""background_class"":18,""birth_confidence"":0.75,""birth_max_entropy"":0.5,""birth_minimum_mask_support"":128,""capacity"":100,""class_mode"":""full"",""class_weight"":0.15,""consolidation_confidence"":0.9,""consolidation_margin"":0.1,""mask_threshold"":0.5,""max_update_rate"":0.2,""reactivation_margin"":0.0,""reactivation_threshold"":0.95,""update_rate"":0.2}",class_compatibility,T4,132,1305,0.10114942528735632,45,195,150,195,370,0.23076923076923078,461,929,1390,1390,383,1773,0.26001128031584886,"[{""births"":350,""correct_reactivations"":40,""false_births"":66,""gap_opportunities"":82,""identity_switches"":15,""predicted_reactivation_events"":42,""reactivation_attempts"":42,""reference_scene_id"":""10b17940-3938-2467-8a7a-958300ba83d3"",""rejected_births"":69,""sequence_metrics_evidence_sha256"":""9b6eb8c575186355da0bbb9a523c8eab0bef5c2f6ba8a3124eebaec394f6d5aa"",""sequence_population_count"":30,""sequence_population_sha256"":""1a4d73fb75ab0a9796ca06e7ea6fef6b585821e8675957a09a267a150872fd24"",""strict_online_tmap"":null,""strict_online_trec"":null,""transition_opportunities"":333,""wrong_reactivations"":2},{""births"":498,""correct_reactivations"":70,""false_births"":157,""gap_opportunities"":181,""identity_switches"":80,""predicted_reactivation_events"":113,""reactivation_attempts"":113,""reference_scene_id"":""137a8158-1db5-2cc0-8003-31c12610471e"",""rejected_births"":97,""sequence_metrics_evidence_sha256"":""347aa3800b056f36a98543404982f716a2fb2c90a11887aeb98875f71a7cae6f"",""sequence_population_count"":36,""sequence_population_sha256"":""ca535ed0965fd5553a2babebf37df3f691e2273fba26605966fc404d539d400f"",""strict_online_tmap"":null,""strict_online_trec"":null,""transition_opportunities"":473,""wrong_reactivations"":43},{""births"":347,""correct_reactivations"":26,""false_births"":161,""gap_opportunities"":69,""identity_switches"":27,""predicted_reactivation_events"":26,""reactivation_attempts"":26,""reference_scene_id"":""280d8ebb-6cc6-2788-9153-98959a2da801"",""rejected_births"":169,""sequence_metrics_evidence_sha256"":""382d1c9a2eb02debaae32cd0efff94f0b377707359ef1ca6766c2f13ef0cb04f"",""sequence_population_count"":15,""sequence_population_sha256"":""773e4b696055e55fa8cd031bf282d71d0cac845b8b6e42a5c7c488b2acbbc4a9"",""strict_online_tmap"":null,""strict_online_trec"":null,""transition_opportunities"":307,""wrong_reactivations"":0},{""births"":195,""correct_reactivations"":14,""false_births"":77,""gap_opportunities"":38,""identity_switches"":10,""predicted_reactivation_events"":14,""reactivation_attempts"":14,""reference_scene_id"":""5630cfcf-12bf-2860-8784-83d28a611a83"",""rejected_births"":48,""sequence_metrics_evidence_sha256"":""e3bb9ad4d0523485e98cdc5f6c675ffb7ff2d4d8d5e306551ed78bf5700519f8"",""sequence_population_count"":15,""sequence_population_sha256"":""9ea2ff690ff96fe768d42ff606d97c42b84c799435b438368e3cdaea0fe27e2f"",""strict_online_tmap"":null,""strict_online_trec"":null,""transition_opportunities"":192,""wrong_reactivations"":0}]",0.7692307692307693,0.40540540540540543,3461,3844,3844,,,False,True,valid_observation_ratio_below_minimum
p6b-9f2abc3112024e02,"{""active_threshold"":0.55,""assignment_mode"":""legacy_post_threshold"",""background_class"":18,""birth_confidence"":0.75,""birth_max_entropy"":0.5,""birth_minimum_mask_support"":128,""capacity"":100,""class_mode"":""full"",""class_weight"":0.15,""consolidation_confidence"":0.9,""consolidation_margin"":0.1,""mask_threshold"":0.5,""max_update_rate"":0.2,""reactivation_margin"":0.0,""reactivation_threshold"":0.95,""update_rate"":0.2}",class_compatibility,T5,195,1828,0.10667396061269147,69,327,258,327,635,0.21100917431192662,530,965,1495,1495,453,1948,0.2720739219712526,"[{""births"":377,""correct_reactivations"":66,""false_births"":79,""gap_opportunities"":146,""identity_switches"":28,""predicted_reactivation_events"":70,""reactivation_attempts"":70,""reference_scene_id"":""10b17940-3938-2467-8a7a-958300ba83d3"",""rejected_births"":78,""sequence_metrics_evidence_sha256"":""455eda44c66b3764025b1312c1f47bc58699a6ce5566d859f004e5303704cf5e"",""sequence_population_count"":30,""sequence_population_sha256"":""1a4d73fb75ab0a9796ca06e7ea6fef6b585821e8675957a09a267a150872fd24"",""strict_online_tmap"":null,""strict_online_trec"":null,""transition_opportunities"":466,""wrong_reactivations"":4},{""births"":551,""correct_reactivations"":111,""false_births"":196,""gap_opportunities"":292,""identity_switches"":115,""predicted_reactivation_events"":171,""reactivation_attempts"":171,""reference_scene_id"":""137a8158-1db5-2cc0-8003-31c12610471e"",""rejected_births"":117,""sequence_metrics_evidence_sha256"":""10f0b55e761c0f053eecf104789f533202e3ed25427f987b71a85c9d69ac60f6"",""sequence_population_count"":36,""sequence_population_sha256"":""ca535ed0965fd5553a2babebf37df3f691e2273fba26605966fc404d539d400f"",""strict_online_tmap"":null,""strict_online_trec"":null,""transition_opportunities"":671,""wrong_reactivations"":60},{""births"":366,""correct_reactivations"":45,""false_births"":176,""gap_opportunities"":115,""identity_switches"":42,""predicted_reactivation_events"":50,""reactivation_attempts"":50,""reference_scene_id"":""280d8ebb-6cc6-2788-9153-98959a2da801"",""rejected_births"":189,""sequence_metrics_evidence_sha256"":""e16fca43d5d4998664ee507592ddb4d90eb0e2aa3c716989e130628456ba7b49"",""sequence_population_count"":15,""sequence_population_sha256"":""773e4b696055e55fa8cd031bf282d71d0cac845b8b6e42a5c7c488b2acbbc4a9"",""strict_online_tmap"":null,""strict_online_trec"":null,""transition_opportunities"":422,""wrong_reactivations"":5},{""births"":201,""correct_reactivations"":36,""false_births"":79,""gap_opportunities"":82,""identity_switches"":10,""predicted_reactivation_events"":36,""reactivation_attempts"":36,""reference_scene_id"":""5630cfcf-12bf-2860-8784-83d28a611a83"",""rejected_births"":69,""sequence_metrics_evidence_sha256"":""155556c5ac12a4a500f977432a488ffa53dbd876947bd3435148fb3e40c73e70"",""sequence_population_count"":15,""sequence_population_sha256"":""9ea2ff690ff96fe768d42ff606d97c42b84c799435b438368e3cdaea0fe27e2f"",""strict_online_tmap"":null,""strict_online_trec"":null,""transition_opportunities"":269,""wrong_reactivations"":0}]",0.7889908256880734,0.4062992125984252,4327,4780,4780,,,False,True,valid_observation_ratio_below_minimum
p6b-155226dcf8978a18,"{""active_threshold"":0.55,""assignment_mode"":""legacy_post_threshold"",""background_class"":18,""birth_confidence"":0.75,""birth_max_entropy"":0.5,""birth_minimum_mask_support"":128,""capacity"":100,""class_mode"":""full"",""class_weight"":0.25,""consolidation_confidence"":0.9,""consolidation_margin"":0.1,""mask_threshold"":0.5,""max_update_rate"":0.2,""reactivation_margin"":0.0,""reactivation_threshold"":0.95,""update_rate"":0.2}",class_compatibility,T2,25,349,0.07163323782234957,0,0,0,0,0,,292,774,1066,1066,221,1287,0.22688422688422688,"[{""births"":266,""correct_reactivations"":0,""false_births"":43,""gap_opportunities"":0,""identity_switches"":2,""predicted_reactivation_events"":0,""reactivation_attempts"":0,""reference_scene_id"":""10b17940-3938-2467-8a7a-958300ba83d3"",""rejected_births"":44,""sequence_metrics_evidence_sha256"":""37d52f2c433352b33a1de5b34b3fdc47539731ee14b8d17c89f9bcf51433b547"",""sequence_population_count"":30,""sequence_population_sha256"":""1a4d73fb75ab0a9796ca06e7ea6fef6b585821e8675957a09a267a150872fd24"",""strict_online_tmap"":null,""strict_online_trec"":null,""transition_opportunities"":99,""wrong_reactivations"":0},{""births"":372,""correct_reactivations"":0,""false_births"":82,""gap_opportunities"":0,""identity_switches"":15,""predicted_reactivation_events"":0,""reactivation_attempts"":0,""reference_scene_id"":""137a8158-1db5-2cc0-8003-31c12610471e"",""rejected_births"":58,""sequence_metrics_evidence_sha256"":""d0fca3aa1416839851ed41670577c35efb58dfe0821bd8233bb70b4dacc18a64"",""sequence_population_count"":36,""sequence_population_sha256"":""ca535ed0965fd5553a2babebf37df3f691e2273fba26605966fc404d539d400f"",""strict_online_tmap"":null,""strict_online_trec"":null,""transition_opportunities"":109,""wrong_reactivations"":0},{""births"":264,""correct_reactivations"":0,""false_births"":105,""gap_opportunities"":0,""identity_switches"":8,""predicted_reactivation_events"":0,""reactivation_attempts"":0,""reference_scene_id"":""280d8ebb-6cc6-2788-9153-98959a2da801"",""rejected_births"":93,""sequence_metrics_evidence_sha256"":""8759436ce811a1c4cd05dd24da343a8d7cec7aff384ee764d14e07bf542efa4e"",""sequence_population_count"":15,""sequence_population_sha256"":""773e4b696055e55fa8cd031bf282d71d0cac845b8b6e42a5c7c488b2acbbc4a9"",""strict_online_tmap"":null,""strict_online_trec"":null,""transition_opportunities"":82,""wrong_reactivations"":0},{""births"":164,""correct_reactivations"":0,""false_births"":62,""gap_opportunities"":0,""identity_switches"":0,""predicted_reactivation_events"":0,""reactivation_attempts"":0,""reference_scene_id"":""5630cfcf-12bf-2860-8784-83d28a611a83"",""rejected_births"":26,""sequence_metrics_evidence_sha256"":""9eccce7f092d9548fba7ff6739f7487feaf4eaf45b667e3b98b73463173b96b4"",""sequence_population_count"":15,""sequence_population_sha256"":""9ea2ff690ff96fe768d42ff606d97c42b84c799435b438368e3cdaea0fe27e2f"",""strict_online_tmap"":null,""strict_online_trec"":null,""transition_opportunities"":59,""wrong_reactivations"":0}]",,,1697,1918,1918,,,False,True,valid_observation_ratio_below_minimum
p6b-155226dcf8978a18,"{""active_threshold"":0.55,""assignment_mode"":""legacy_post_threshold"",""background_class"":18,""birth_confidence"":0.75,""birth_max_entropy"":0.5,""birth_minimum_mask_support"":128,""capacity"":100,""class_mode"":""full"",""class_weight"":0.25,""consolidation_confidence"":0.9,""consolidation_margin"":0.1,""mask_threshold"":0.5,""max_update_rate"":0.2,""reactivation_margin"":0.0,""reactivation_threshold"":0.95,""update_rate"":0.2}",class_compatibility,T3,70,797,0.08782936010037641,20,78,58,78,121,0.2564102564102564,365,851,1216,1216,290,1506,0.24236387782204516,"[{""births"":305,""correct_reactivations"":15,""false_births"":53,""gap_opportunities"":29,""identity_switches"":8,""predicted_reactivation_events"":16,""reactivation_attempts"":16,""reference_scene_id"":""10b17940-3938-2467-8a7a-958300ba83d3"",""rejected_births"":57,""sequence_metrics_evidence_sha256"":""ebf7c2934d3e878527e8ec523a8b65080447a9cd68ccfeef4db077340bb0574e"",""sequence_population_count"":30,""sequence_population_sha256"":""1a4d73fb75ab0a9796ca06e7ea6fef6b585821e8675957a09a267a150872fd24"",""strict_online_tmap"":null,""strict_online_trec"":null,""transition_opportunities"":212,""wrong_reactivations"":1},{""births"":431,""correct_reactivations"":34,""false_births"":111,""gap_opportunities"":70,""identity_switches"":36,""predicted_reactivation_events"":53,""reactivation_attempts"":53,""reference_scene_id"":""137a8158-1db5-2cc0-8003-31c12610471e"",""rejected_births"":76,""sequence_metrics_evidence_sha256"":""74e1fee9ed495495b6665e7f64a241a38d930c6e8c57327ac5d39f7b4936f1fa"",""sequence_population_count"":36,""sequence_population_sha256"":""ca535ed0965fd5553a2babebf37df3f691e2273fba26605966fc404d539d400f"",""strict_online_tmap"":null,""strict_online_trec"":null,""transition_opportunities"":268,""wrong_reactivations"":19},{""births"":296,""correct_reactivations"":5,""false_births"":126,""gap_opportunities"":10,""identity_switches"":21,""predicted_reactivation_events"":5,""reactivation_attempts"":5,""reference_scene_id"":""280d8ebb-6cc6-2788-9153-98959a2da801"",""rejected_births"":120,""sequence_metrics_evidence_sha256"":""7ee3f9da44578d4cb67cd3ad287671a92630497b6b3bb3c99ae5d8a06d0afbac"",""sequence_population_count"":15,""sequence_population_sha256"":""773e4b696055e55fa8cd031bf282d71d0cac845b8b6e42a5c7c488b2acbbc4a9"",""strict_online_tmap"":null,""strict_online_trec"":null,""transition_opportunities"":190,""wrong_reactivations"":0},{""births"":184,""correct_reactivations"":4,""false_births"":75,""gap_opportunities"":12,""identity_switches"":5,""predicted_reactivation_events"":4,""reactivation_attempts"":4,""reference_scene_id"":""5630cfcf-12bf-2860-8784-83d28a611a83"",""rejected_births"":37,""sequence_metrics_evidence_sha256"":""aa08a6ea5a6b8ddb11f575d2a77434154c008778ad2e323a4909a5afb7136361"",""sequence_population_count"":15,""sequence_population_sha256"":""9ea2ff690ff96fe768d42ff606d97c42b84c799435b438368e3cdaea0fe27e2f"",""strict_online_tmap"":null,""strict_online_trec"":null,""transition_opportunities"":127,""wrong_reactivations"":0}]",0.7435897435897436,0.4793388429752066,2563,2853,2853,,,False,True,valid_observation_ratio_below_minimum
p6b-155226dcf8978a18,"{""active_threshold"":0.55,""assignment_mode"":""legacy_post_threshold"",""background_class"":18,""birth_confidence"":0.75,""birth_max_entropy"":0.5,""birth_minimum_mask_support"":128,""capacity"":100,""class_mode"":""full"",""class_weight"":0.25,""consolidation_confidence"":0.9,""consolidation_margin"":0.1,""mask_threshold"":0.5,""max_update_rate"":0.2,""reactivation_margin"":0.0,""reactivation_threshold"":0.95,""update_rate"":0.2}",class_compatibility,T4,127,1307,0.0971690895179801,52,202,150,202,369,0.25742574257425743,448,915,1363,1363,368,1731,0.2588099364529174,"[{""births"":338,""correct_reactivations"":39,""false_births"":62,""gap_opportunities"":82,""identity_switches"":14,""predicted_reactivation_events"":43,""reactivation_attempts"":43,""reference_scene_id"":""10b17940-3938-2467-8a7a-958300ba83d3"",""rejected_births"":70,""sequence_metrics_evidence_sha256"":""9ed783810556796927f9a7a3d06c225afdcfbbc12ae64c5d3b9295483d017e6e"",""sequence_population_count"":30,""sequence_population_sha256"":""1a4d73fb75ab0a9796ca06e7ea6fef6b585821e8675957a09a267a150872fd24"",""strict_online_tmap"":null,""strict_online_trec"":null,""transition_opportunities"":333,""wrong_reactivations"":4},{""births"":491,""correct_reactivations"":76,""false_births"":149,""gap_opportunities"":180,""identity_switches"":76,""predicted_reactivation_events"":119,""reactivation_attempts"":119,""reference_scene_id"":""137a8158-1db5-2cc0-8003-31c12610471e"",""rejected_births"":93,""sequence_metrics_evidence_sha256"":""41e3798a9cf08aa0908340e7b24ff88be36e1ffe28ede4d7edc4ddb0903b0a29"",""sequence_population_count"":36,""sequence_population_sha256"":""ca535ed0965fd5553a2babebf37df3f691e2273fba26605966fc404d539d400f"",""strict_online_tmap"":null,""strict_online_trec"":null,""transition_opportunities"":475,""wrong_reactivations"":43},{""births"":339,""correct_reactivations"":21,""false_births"":160,""gap_opportunities"":69,""identity_switches"":27,""predicted_reactivation_events"":26,""reactivation_attempts"":26,""reference_scene_id"":""280d8ebb-6cc6-2788-9153-98959a2da801"",""rejected_births"":157,""sequence_metrics_evidence_sha256"":""b354a98538f797093c4333f0bcbd7161d73d4c0da1d23c39c28aaf3aa299f894"",""sequence_population_count"":15,""sequence_population_sha256"":""773e4b696055e55fa8cd031bf282d71d0cac845b8b6e42a5c7c488b2acbbc4a9"",""strict_online_tmap"":null,""strict_online_trec"":null,""transition_opportunities"":307,""wrong_reactivations"":5},{""births"":195,""correct_reactivations"":14,""false_births"":77,""gap_opportunities"":38,""identity_switches"":10,""predicted_reactivation_events"":14,""reactivation_attempts"":14,""reference_scene_id"":""5630cfcf-12bf-2860-8784-83d28a611a83"",""rejected_births"":48,""sequence_metrics_evidence_sha256"":""e3bb9ad4d0523485e98cdc5f6c675ffb7ff2d4d8d5e306551ed78bf5700519f8"",""sequence_population_count"":15,""sequence_population_sha256"":""9ea2ff690ff96fe768d42ff606d97c42b84c799435b438368e3cdaea0fe27e2f"",""strict_online_tmap"":null,""strict_online_trec"":null,""transition_opportunities"":192,""wrong_reactivations"":0}]",0.7425742574257426,0.4065040650406504,3476,3844,3844,,,False,True,valid_observation_ratio_below_minimum
p6b-155226dcf8978a18,"{""active_threshold"":0.55,""assignment_mode"":""legacy_post_threshold"",""background_class"":18,""birth_confidence"":0.75,""birth_max_entropy"":0.5,""birth_minimum_mask_support"":128,""capacity"":100,""class_mode"":""full"",""class_weight"":0.25,""consolidation_confidence"":0.9,""consolidation_margin"":0.1,""mask_threshold"":0.5,""max_update_rate"":0.2,""reactivation_margin"":0.0,""reactivation_threshold"":0.95,""update_rate"":0.2}",class_compatibility,T5,186,1835,0.10136239782016349,84,343,259,343,633,0.24489795918367346,510,950,1460,1460,414,1874,0.272145144076841,"[{""births"":361,""correct_reactivations"":68,""false_births"":72,""gap_opportunities"":146,""identity_switches"":22,""predicted_reactivation_events"":74,""reactivation_attempts"":74,""reference_scene_id"":""10b17940-3938-2467-8a7a-958300ba83d3"",""rejected_births"":78,""sequence_metrics_evidence_sha256"":""93da9da15ab91feeee7ca6e387fe57e9138f84df8e9f9ac4e6f2430989d75538"",""sequence_population_count"":30,""sequence_population_sha256"":""1a4d73fb75ab0a9796ca06e7ea6fef6b585821e8675957a09a267a150872fd24"",""strict_online_tmap"":null,""strict_online_trec"":null,""transition_opportunities"":465,""wrong_reactivations"":6},{""births"":541,""correct_reactivations"":115,""false_births"":185,""gap_opportunities"":290,""identity_switches"":111,""predicted_reactivation_events"":177,""reactivation_attempts"":177,""reference_scene_id"":""137a8158-1db5-2cc0-8003-31c12610471e"",""rejected_births"":110,""sequence_metrics_evidence_sha256"":""9c1666571365a42ab61e1f3911626d6a3c3045b255e4f48a2d2f2ae188a1ec31"",""sequence_population_count"":36,""sequence_population_sha256"":""ca535ed0965fd5553a2babebf37df3f691e2273fba26605966fc404d539d400f"",""strict_online_tmap"":null,""strict_online_trec"":null,""transition_opportunities"":674,""wrong_reactivations"":62},{""births"":357,""correct_reactivations"":35,""false_births"":174,""gap_opportunities"":115,""identity_switches"":43,""predicted_reactivation_events"":51,""reactivation_attempts"":51,""reference_scene_id"":""280d8ebb-6cc6-2788-9153-98959a2da801"",""rejected_births"":172,""sequence_metrics_evidence_sha256"":""2d8874338dec1b08f1acccd50ab385cb1f3287044236f1668ba954bc318f36c8"",""sequence_population_count"":15,""sequence_population_sha256"":""773e4b696055e55fa8cd031bf282d71d0cac845b8b6e42a5c7c488b2acbbc4a9"",""strict_online_tmap"":null,""strict_online_trec"":null,""transition_opportunities"":422,""wrong_reactivations"":16},{""births"":201,""correct_reactivations"":41,""false_births"":79,""gap_opportunities"":82,""identity_switches"":10,""predicted_reactivation_events"":41,""reactivation_attempts"":41,""reference_scene_id"":""5630cfcf-12bf-2860-8784-83d28a611a83"",""rejected_births"":54,""sequence_metrics_evidence_sha256"":""4b917089bf7a7f4d59d7a2a8594d330555311f082d1fce9a8196789f430ad8ea"",""sequence_population_count"":15,""sequence_population_sha256"":""9ea2ff690ff96fe768d42ff606d97c42b84c799435b438368e3cdaea0fe27e2f"",""strict_online_tmap"":null,""strict_online_trec"":null,""transition_opportunities"":274,""wrong_reactivations"":0}]",0.7551020408163265,0.40916271721958924,4366,4780,4780,,,False,True,valid_observation_ratio_below_minimum
p6b-c5190470f2826191,"{""active_threshold"":0.55,""assignment_mode"":""legacy_post_threshold"",""background_class"":18,""birth_confidence"":0.75,""birth_max_entropy"":0.5,""birth_minimum_mask_support"":128,""capacity"":100,""class_mode"":""full"",""class_weight"":0.35,""consolidation_confidence"":0.9,""consolidation_margin"":0.1,""mask_threshold"":0.5,""max_update_rate"":0.2,""reactivation_margin"":0.0,""reactivation_threshold"":0.95,""update_rate"":0.2}",class_compatibility,T2,25,349,0.07163323782234957,0,0,0,0,0,,291,774,1065,1065,219,1284,0.2266355140186916,"[{""births"":266,""correct_reactivations"":0,""false_births"":43,""gap_opportunities"":0,""identity_switches"":2,""predicted_reactivation_events"":0,""reactivation_attempts"":0,""reference_scene_id"":""10b17940-3938-2467-8a7a-958300ba83d3"",""rejected_births"":42,""sequence_metrics_evidence_sha256"":""2a97f832dac14423ceeeaa0db9b23d7b346473620bb5e0df1cdbf2353b61ac88"",""sequence_population_count"":30,""sequence_population_sha256"":""1a4d73fb75ab0a9796ca06e7ea6fef6b585821e8675957a09a267a150872fd24"",""strict_online_tmap"":null,""strict_online_trec"":null,""transition_opportunities"":99,""wrong_reactivations"":0},{""births"":371,""correct_reactivations"":0,""false_births"":81,""gap_opportunities"":0,""identity_switches"":15,""predicted_reactivation_events"":0,""reactivation_attempts"":0,""reference_scene_id"":""137a8158-1db5-2cc0-8003-31c12610471e"",""rejected_births"":58,""sequence_metrics_evidence_sha256"":""92a38ca9341216db805771a247282502801a401d66a882659a90b7bf5d77a6d2"",""sequence_population_count"":36,""sequence_population_sha256"":""ca535ed0965fd5553a2babebf37df3f691e2273fba26605966fc404d539d400f"",""strict_online_tmap"":null,""strict_online_trec"":null,""transition_opportunities"":109,""wrong_reactivations"":0},{""births"":264,""correct_reactivations"":0,""false_births"":105,""gap_opportunities"":0,""identity_switches"":8,""predicted_reactivation_events"":0,""reactivation_attempts"":0,""reference_scene_id"":""280d8ebb-6cc6-2788-9153-98959a2da801"",""rejected_births"":93,""sequence_metrics_evidence_sha256"":""8759436ce811a1c4cd05dd24da343a8d7cec7aff384ee764d14e07bf542efa4e"",""sequence_population_count"":15,""sequence_population_sha256"":""773e4b696055e55fa8cd031bf282d71d0cac845b8b6e42a5c7c488b2acbbc4a9"",""strict_online_tmap"":null,""strict_online_trec"":null,""transition_opportunities"":82,""wrong_reactivations"":0},{""births"":164,""correct_reactivations"":0,""false_births"":62,""gap_opportunities"":0,""identity_switches"":0,""predicted_reactivation_events"":0,""reactivation_attempts"":0,""reference_scene_id"":""5630cfcf-12bf-2860-8784-83d28a611a83"",""rejected_births"":26,""sequence_metrics_evidence_sha256"":""9eccce7f092d9548fba7ff6739f7487feaf4eaf45b667e3b98b73463173b96b4"",""sequence_population_count"":15,""sequence_population_sha256"":""9ea2ff690ff96fe768d42ff606d97c42b84c799435b438368e3cdaea0fe27e2f"",""strict_online_tmap"":null,""strict_online_trec"":null,""transition_opportunities"":59,""wrong_reactivations"":0}]",,,1699,1918,1918,,,False,True,valid_observation_ratio_below_minimum
p6b-c5190470f2826191,"{""active_threshold"":0.55,""assignment_mode"":""legacy_post_threshold"",""background_class"":18,""birth_confidence"":0.75,""birth_max_entropy"":0.5,""birth_minimum_mask_support"":128,""capacity"":100,""class_mode"":""full"",""class_weight"":0.35,""consolidation_confidence"":0.9,""consolidation_margin"":0.1,""mask_threshold"":0.5,""max_update_rate"":0.2,""reactivation_margin"":0.0,""reactivation_threshold"":0.95,""update_rate"":0.2}",class_compatibility,T3,65,797,0.08155583437892096,16,74,58,74,121,0.21621621621621623,362,849,1211,1211,284,1495,0.24214046822742474,"[{""births"":304,""correct_reactivations"":15,""false_births"":53,""gap_opportunities"":29,""identity_switches"":8,""predicted_reactivation_events"":16,""reactivation_attempts"":16,""reference_scene_id"":""10b17940-3938-2467-8a7a-958300ba83d3"",""rejected_births"":57,""sequence_metrics_evidence_sha256"":""97aaec852c226220827db189b162cb26229bcb070bcd767687595cca25205661"",""sequence_population_count"":30,""sequence_population_sha256"":""1a4d73fb75ab0a9796ca06e7ea6fef6b585821e8675957a09a267a150872fd24"",""strict_online_tmap"":null,""strict_online_trec"":null,""transition_opportunities"":212,""wrong_reactivations"":1},{""births"":428,""correct_reactivations"":34,""false_births"":108,""gap_opportunities"":70,""identity_switches"":36,""predicted_reactivation_events"":49,""reactivation_attempts"":49,""reference_scene_id"":""137a8158-1db5-2cc0-8003-31c12610471e"",""rejected_births"":75,""sequence_metrics_evidence_sha256"":""d08e24846aeeccb85e0d9e81b9d874f2faf4d3d8ab49c36fe25908bf466b7b28"",""sequence_population_count"":36,""sequence_population_sha256"":""ca535ed0965fd5553a2babebf37df3f691e2273fba26605966fc404d539d400f"",""strict_online_tmap"":null,""strict_online_trec"":null,""transition_opportunities"":268,""wrong_reactivations"":15},{""births"":295,""correct_reactivations"":5,""false_births"":126,""gap_opportunities"":10,""identity_switches"":21,""predicted_reactivation_events"":5,""reactivation_attempts"":5,""reference_scene_id"":""280d8ebb-6cc6-2788-9153-98959a2da801"",""rejected_births"":115,""sequence_metrics_evidence_sha256"":""53e97f6557ef48888db19c1d6766a0b8e93ff7f0f1db5d357347cd6d2e22f62b"",""sequence_population_count"":15,""sequence_population_sha256"":""773e4b696055e55fa8cd031bf282d71d0cac845b8b6e42a5c7c488b2acbbc4a9"",""strict_online_tmap"":null,""strict_online_trec"":null,""transition_opportunities"":190,""wrong_reactivations"":0},{""births"":184,""correct_reactivations"":4,""false_births"":75,""gap_opportunities"":12,""identity_switches"":0,""predicted_reactivation_events"":4,""reactivation_attempts"":4,""reference_scene_id"":""5630cfcf-12bf-2860-8784-83d28a611a83"",""rejected_births"":37,""sequence_metrics_evidence_sha256"":""1627ab1e7b2278c0036e681e938a82f5b1fa5f1d522a9d65f918e0e6e499be42"",""sequence_population_count"":15,""sequence_population_sha256"":""9ea2ff690ff96fe768d42ff606d97c42b84c799435b438368e3cdaea0fe27e2f"",""strict_online_tmap"":null,""strict_online_trec"":null,""transition_opportunities"":127,""wrong_reactivations"":0}]",0.7837837837837838,0.4793388429752066,2569,2853,2853,,,False,True,valid_observation_ratio_below_minimum
p6b-c5190470f2826191,"{""active_threshold"":0.55,""assignment_mode"":""legacy_post_threshold"",""background_class"":18,""birth_confidence"":0.75,""birth_max_entropy"":0.5,""birth_minimum_mask_support"":128,""capacity"":100,""class_mode"":""full"",""class_weight"":0.35,""consolidation_confidence"":0.9,""consolidation_margin"":0.1,""mask_threshold"":0.5,""max_update_rate"":0.2,""reactivation_margin"":0.0,""reactivation_threshold"":0.95,""update_rate"":0.2}",class_compatibility,T4,123,1307,0.09410864575363427,50,200,150,200,369,0.25,450,910,1360,1360,361,1721,0.26147588611272515,"[{""births"":337,""correct_reactivations"":38,""false_births"":63,""gap_opportunities"":82,""identity_switches"":15,""predicted_reactivation_events"":43,""reactivation_attempts"":43,""reference_scene_id"":""10b17940-3938-2467-8a7a-958300ba83d3"",""rejected_births"":69,""sequence_metrics_evidence_sha256"":""f0e6b8905220aded95d392eb2ee3cafc54ec44cbe5e1c4ad06c83bcc2386bc2f"",""sequence_population_count"":30,""sequence_population_sha256"":""1a4d73fb75ab0a9796ca06e7ea6fef6b585821e8675957a09a267a150872fd24"",""strict_online_tmap"":null,""strict_online_trec"":null,""transition_opportunities"":333,""wrong_reactivations"":5},{""births"":488,""correct_reactivations"":76,""false_births"":148,""gap_opportunities"":180,""identity_switches"":80,""predicted_reactivation_events"":116,""reactivation_attempts"":116,""reference_scene_id"":""137a8158-1db5-2cc0-8003-31c12610471e"",""rejected_births"":94,""sequence_metrics_evidence_sha256"":""8b13d43e9352bdf7fabe3282c6a1d0c8fe1e89eb9d32f4070c6b27016178426e"",""sequence_population_count"":36,""sequence_population_sha256"":""ca535ed0965fd5553a2babebf37df3f691e2273fba26605966fc404d539d400f"",""strict_online_tmap"":null,""strict_online_trec"":null,""transition_opportunities"":475,""wrong_reactivations"":40},{""births"":340,""correct_reactivations"":22,""false_births"":162,""gap_opportunities"":69,""identity_switches"":28,""predicted_reactivation_events"":27,""reactivation_attempts"":27,""reference_scene_id"":""280d8ebb-6cc6-2788-9153-98959a2da801"",""rejected_births"":150,""sequence_metrics_evidence_sha256"":""43aa55eae459faa23aafc17219ff2cc42f8ef61d58093a604c3807fa935d9fc5"",""sequence_population_count"":15,""sequence_population_sha256"":""773e4b696055e55fa8cd031bf282d71d0cac845b8b6e42a5c7c488b2acbbc4a9"",""strict_online_tmap"":null,""strict_online_trec"":null,""transition_opportunities"":307,""wrong_reactivations"":5},{""births"":195,""correct_reactivations"":14,""false_births"":77,""gap_opportunities"":38,""identity_switches"":0,""predicted_reactivation_events"":14,""reactivation_attempts"":14,""reference_scene_id"":""5630cfcf-12bf-2860-8784-83d28a611a83"",""rejected_births"":48,""sequence_metrics_evidence_sha256"":""b051fbab73459c7b4de8036953dcc03ed383c65e29a1eb1bab9de8c4e4a3cb8d"",""sequence_population_count"":15,""sequence_population_sha256"":""9ea2ff690ff96fe768d42ff606d97c42b84c799435b438368e3cdaea0fe27e2f"",""strict_online_tmap"":null,""strict_online_trec"":null,""transition_opportunities"":192,""wrong_reactivations"":0}]",0.75,0.4065040650406504,3483,3844,3844,,,False,True,valid_observation_ratio_below_minimum
p6b-c5190470f2826191,"{""active_threshold"":0.55,""assignment_mode"":""legacy_post_threshold"",""background_class"":18,""birth_confidence"":0.75,""birth_max_entropy"":0.5,""birth_minimum_mask_support"":128,""capacity"":100,""class_mode"":""full"",""class_weight"":0.35,""consolidation_confidence"":0.9,""consolidation_margin"":0.1,""mask_threshold"":0.5,""max_update_rate"":0.2,""reactivation_margin"":0.0,""reactivation_threshold"":0.95,""update_rate"":0.2}",class_compatibility,T5,183,1836,0.09967320261437909,82,342,260,342,632,0.23976608187134502,514,943,1457,1457,411,1868,0.2751605995717345,"[{""births"":361,""correct_reactivations"":66,""false_births"":74,""gap_opportunities"":146,""identity_switches"":24,""predicted_reactivation_events"":74,""reactivation_attempts"":74,""reference_scene_id"":""10b17940-3938-2467-8a7a-958300ba83d3"",""rejected_births"":77,""sequence_metrics_evidence_sha256"":""5758dd5074a35b025fcbd22531a589a56220dcccbc60998d9283a0864411c50c"",""sequence_population_count"":30,""sequence_population_sha256"":""1a4d73fb75ab0a9796ca06e7ea6fef6b585821e8675957a09a267a150872fd24"",""strict_online_tmap"":null,""strict_online_trec"":null,""transition_opportunities"":465,""wrong_reactivations"":8},{""births"":538,""correct_reactivations"":116,""false_births"":186,""gap_opportunities"":290,""identity_switches"":115,""predicted_reactivation_events"":174,""reactivation_attempts"":174,""reference_scene_id"":""137a8158-1db5-2cc0-8003-31c12610471e"",""rejected_births"":111,""sequence_metrics_evidence_sha256"":""dafc1231b42be9045e403006b268daf7727f6223e51de85e8b320fe38f5ef4ba"",""sequence_population_count"":36,""sequence_population_sha256"":""ca535ed0965fd5553a2babebf37df3f691e2273fba26605966fc404d539d400f"",""strict_online_tmap"":null,""strict_online_trec"":null,""transition_opportunities"":674,""wrong_reactivations"":58},{""births"":357,""correct_reactivations"":37,""false_births"":175,""gap_opportunities"":114,""identity_switches"":44,""predicted_reactivation_events"":53,""reactivation_attempts"":53,""reference_scene_id"":""280d8ebb-6cc6-2788-9153-98959a2da801"",""rejected_births"":164,""sequence_metrics_evidence_sha256"":""d994a22612cbaf93c03cf5379ed81fd9febec8edff47e5689cd619deed9ea42e"",""sequence_population_count"":15,""sequence_population_sha256"":""773e4b696055e55fa8cd031bf282d71d0cac845b8b6e42a5c7c488b2acbbc4a9"",""strict_online_tmap"":null,""strict_online_trec"":null,""transition_opportunities"":423,""wrong_reactivations"":16},{""births"":201,""correct_reactivations"":41,""false_births"":79,""gap_opportunities"":82,""identity_switches"":0,""predicted_reactivation_events"":41,""reactivation_attempts"":41,""reference_scene_id"":""5630cfcf-12bf-2860-8784-83d28a611a83"",""rejected_births"":59,""sequence_metrics_evidence_sha256"":""d2a95b86b284ae2537354d9fcaf990846f3f426f713139dea306b63072ad9536"",""sequence_population_count"":15,""sequence_population_sha256"":""9ea2ff690ff96fe768d42ff606d97c42b84c799435b438368e3cdaea0fe27e2f"",""strict_online_tmap"":null,""strict_online_trec"":null,""transition_opportunities"":274,""wrong_reactivations"":0}]",0.7602339181286549,0.41139240506329117,4369,4780,4780,,,False,True,valid_observation_ratio_below_minimum
